year_month,coupon_bucket,smm_model,smm_actual,n_loans,cpr_model,cpr_actual,price
2022-01,2.5,0.5364073387699784,0.0,941,99.99014540845043,0.0,100.16666666666667
2022-01,3.0,0.5438476261966492,0.0031658927817644574,4738,99.99188442545778,3.7336134914361274,102.43712797619048
2022-01,3.5,0.5728616443801162,0.000513347022587269,1948,99.99631172872071,0.614280133734002,104.60528273809524
2022-01,4.0,0.6243465163184636,0.0,747,99.99921032380132,0.0,105.90438988095238
2022-01,4.5,0.6979923215472014,0.011363636363636364,88,99.99994242740317,12.81556335842884,106.88095238095238
2022-01,5.0,0.7319722874515652,0.0,19,99.99998625463112,0.0,108.99627976190476
2022-02,2.5,0.5190203289490986,0.004487179487179487,1560,99.98467075900442,5.253693577980901,98.359375
2022-02,3.0,0.5337488764860295,0.0020242914979757085,7904,99.98944547492712,2.4022862701791547,100.79765625
2022-02,3.5,0.5571594133713839,0.0024284943335132216,3706,99.9943118766093,2.875582515522057,102.9953125
2022-02,4.0,0.5948984099249323,0.004555808656036446,1756,99.99804670708778,5.332043894496508,104.80234375
2022-02,4.5,0.6606219683809408,0.00510204081632653,196,99.99976654417351,5.9535341219435045,105.95546875
2022-02,5.0,0.7057181304760691,0.0,43,99.99995781460922,0.0,108.25546875
2022-03,2.5,0.5037823193437622,0.0016233766233766235,1848,99.97771221991415,1.9307524038992718,96.67764945652173
2022-03,3.0,0.5149904636894048,0.0018119589289309443,9934,99.98305649192449,2.1528119729503525,99.0084918478261
2022-03,3.5,0.5303975740485576,0.0018704301989457576,5881,99.9884982484653,2.22156943621008,101.14572010869566
2022-03,4.0,0.563085367308315,0.0032168132103795838,4663,99.99516096148554,3.7926068423613235,103.0475543478261
2022-03,4.5,0.6073044897951348,0.0066844919786096255,748,99.99865515810266,7.732959483537016,104.45414402173913
2022-03,5.0,0.6677319455305499,0.004739336492890996,211,99.99981892309513,5.541276295512876,106.40964673913044
2022-03,5.5,0.7216270395481544,0.0,5,99.99997834667585,0.0,106.63790760869566
2022-04,2.5,0.47694841765796314,0.004038364462392731,1981,99.95806909429884,4.739837819316572,92.52529761904762
2022-04,3.0,0.47362543753041186,0.0023613866062151697,10587,99.95475832024624,2.797149509526131,95.41369047619048
2022-04,3.5,0.4953334708794764,0.0019738839963559063,6586,99.97270682719387,2.3431142025674534,98.0375744047619
2022-04,4.0,0.5167741570360886,0.0036625067824199676,7372,99.98378929778082,4.307548006485984,100.29203869047619
2022-04,4.5,0.5345183146901402,0.002796420581655481,1788,99.98965260146335,3.3045709894409026,102.25
2022-04,5.0,0.5691747109514702,0.001310615989515072,763,99.99591102686941,1.5614516552804325,103.76934523809524
2022-04,5.5,0.6284696075521045,0.0,40,99.99930827709649,0.0,104.64583333333333
2022-04,6.0,0.6803570503281978,0.0,17,99.9998862421026,0.0,105.11197916666667
2022-05,2.5,0.4650210066442301,0.0014691478942213516,2042,99.94504075593085,1.7488015945205437,91.42755681818181
2022-05,3.0,0.4603767348455411,0.0019051075024947837,11023,99.93903396019014,2.2623262027771873,94.7020596590909
2022-05,3.5,0.48115072774244894,0.0024927295388450354,7221,99.96193774249394,2.950603879008684,97.46306818181819
2022-05,4.0,0.5040151479155229,0.0024827897528495657,8861,99.97783738743506,2.9389985127902585,99.62677556818181
2022-05,4.5,0.5196553887969748,0.002623688155922039,2668,99.98491188190509,3.103388107651328,101.52911931818181
2022-05,5.0,0.5418060814580007,0.0026246719160104987,2286,99.99143767225169,3.104534986732743,103.2354403409091
2022-05,5.5,0.5926179703449274,0.004629629629629629,432,99.99791059605178,5.416255116420654,104.32848011363636
2022-05,6.0,0.6513071897731951,0.008733624454148471,229,99.99967691565722,9.991298128805804,104.68181818181819
2022-06,2.5,0.445805171266332,0.0014677103718199608,2044,99.91606373731697,1.7471042278337512,89.38991477272727
2022-06,3.0,0.4350449937211344,0.00255964896242801,10939,99.89427776460124,3.0287036871310846,92.7705965909091
2022-06,3.5,0.4554938550406817,0.001093344266776001,7317,99.93207440934304,1.304152152077187,95.85227272727273
2022-06,4.0,0.47784830391827704,0.002871794871794872,9750,99.9589266319805,3.3922399908070777,98.24573863636364
2022-06,4.5,0.49486239581448627,0.003582089552238806,3350,99.97239953485905,4.214823534840184,100.1044034090909
2022-06,5.0,0.507590348097981,0.0025348542458808617,3945,99.97968023479828,2.9997731804583205,101.8135653409091
2022-06,5.5,0.5374073841821391,0.0018575851393188853,1615,99.99039749919521,2.2064684868691398,103.39240056818181
2022-06,6.0,0.5792962355395199,0.002107481559536354,949,99.9969259085908,2.4998690673478485,104.34019886363636
2022-06,7.0,0.69888495538932,0.0,6,99.99994443651767,0.0,104.27911931818181
2022-07,2.5,0.4486607150794821,0.001487357461576599,2017,99.92110903586816,1.7703003679357954,91.05505952380952
2022-07,3.0,0.43751961115371385,0.0026256224535989134,11045,99.89970284320522,3.1056431228127956,94.171875
2022-07,3.5,0.45931530622627903,0.0020383204239706482,7359,99.93757926130633,2.4187486177492445,96.95535714285714
2022-07,4.0,0.48348219597607106,0.0031658092599920855,10108,99.96394018025467,3.733516700892514,99.0219494047619
2022-07,4.5,0.49836791899121363,0.002279202279202279,3510,99.9746122835501,2.7010164462670905,100.56287202380952
2022-07,5.0,0.5199066005125765,0.003790901835594573,5012,99.98500629983249,4.455422392947805,101.87574404761905
2022-07,5.5,0.5587316255139609,0.0029229082937522835,2737,99.99454953400611,3.4516493374471158,103.18489583333333
2022-07,6.0,0.615853514916454,0.005470459518599562,1828,99.99896732808648,6.370597945745571,104.35677083333333
2022-07,7.0,0.6758191298446578,0.0,21,99.99986527487236,0.0,105.90141369047619
2022-08,2.5,0.44666328163868213,0.0005192107995846313,1926,99.91761011789443,0.6212768081810927,91.36039402173913
2022-08,3.0,0.4411025342017993,0.0018693252625956917,11234,99.9071064233163,2.2202705314996574,94.59069293478261
2022-08,3.5,0.46304511815712734,0.0032197477864233967,7454,99.94255482688042,3.7960056557858834,97.25611413043478
2022-08,4.0,0.48455403853815177,0.00235271051857661,10201,99.96482794892665,2.7870049849145317,99.23165760869566
2022-08,4.5,0.5048765354657734,0.0016478989288656962,3641,99.97829488440613,1.9596540324635647,100.6616847826087
2022-08,5.0,0.5327204966082293,0.0018707482993197278,5880,99.98916270787545,2.221943375246749,101.7961956521739
2022-08,5.5,0.5796487627795304,0.0018954779312212293,3693,99.9969566776169,2.2510099820846063,102.84341032608695
2022-08,6.0,0.6480167603798193,0.002956636005256242,3044,99.99963837053394,3.4908328571194303,103.65964673913044
2022-08,7.0,0.7387831647913481,0.0,119,99.9999899071467,0.0,104.56148097826087
2022-09,2.5,0.4360284347937946,0.0020273694880892043,1973,99.89646516518941,2.405898378565452,86.60973011363636
2022-09,3.0,0.41625827125989356,0.0015450331727710623,11003,99.84345151135413,1.838365624624927,89.8174715909091
2022-09,3.5,0.43455402602941645,0.0019076168415315439,7339,99.8931699591705,2.265274863119049,92.8125
2022-09,4.0,0.45667913616352585,0.002171767028627838,10130,99.93382764512249,2.575215314118362,95.41477272727273
2022-09,4.5,0.47852928584525506,0.0020882276168102325,3831,99.95956484789535,2.477291952511862,97.53870738636364
2022-09,5.0,0.48740773089804795,0.001580005745475438,6962,99.96709479334821,1.8796170028426373,99.37855113636364
2022-09,5.5,0.5031685592541967,0.0035797009896820385,4749,99.97737915335823,4.2120681620186335,101.04154829545455
2022-09,6.0,0.5421221375326107,0.00257201646090535,3888,99.99150827814312,3.0431311432683072,102.70383522727273
2022-09,7.0,0.6695072290819316,0.004424778761061947,226,99.9998301976987,5.182402357558036,103.88991477272727
2022-10,2.5,0.4193464339929625,0.0020512820512820513,1950,99.85310562337945,2.4339562734119635,82.44345238095238
2022-10,3.0,0.39777862558963295,0.0016124697661918839,11163,99.77245149404021,1.9178952332820742,85.51785714285714
2022-10,3.5,0.4122000103999732,0.001628443479440901,7369,99.82988019014294,1.936724765997233,88.60714285714286
2022-10,4.0,0.4291481797529915,0.0031431097141734602,10181,99.8802485770945,3.7072076616552763,91.61235119047619
2022-10,4.5,0.4454792350458181,0.0017889087656529517,3913,99.91546943650921,2.1256946759504736,94.3188244047619
2022-10,5.0,0.4580165141305357,0.0023784355179704017,7568,99.93575598919524,2.8170811406186713,96.7124255952381
2022-10,5.5,0.4681042099023577,0.0032298582451103534,5573,99.94872346912238,3.8077147029632163,98.85491071428571
2022-10,6.0,0.48739516784069786,0.004396064475612309,4777,99.96708511441034,5.1495805101892,100.79092261904762
2022-10,7.0,0.5563096923791083,0.005194805194805195,385,99.9941795133119,6.058706991210839,102.8891369047619
2022-11,2.5,0.4310395795063998,0.0004897159647404506,2042,99.8849240229191,0.5860789152310253,83.76242897727273
2022-11,3.0,0.40689123560165635,0.0017674418604651163,10750,99.81049874082174,2.100433802999524,86.86115056818181
2022-11,3.5,0.42415429389717085,0.0019001085776330076,7368,99.86705451476602,2.2564518505468256,89.99609375
2022-11,4.0,0.44487280056629547,0.0025393104795390174,10239,99.91435340877797,3.004973302664926,93.06214488636364
2022-11,4.5,0.45775283310687037,0.0018018018018018018,3885,99.93537991881047,2.140863499393564,95.83416193181819
2022-11,5.0,0.4731007574066162,0.002844774273345702,8085,99.95421419108766,3.3608202968978707,98.22798295454545
2022-11,5.5,0.47917126079001265,0.0026582488785512545,6019,99.9601581692817,3.143671945119575,100.05504261363636
2022-11,6.0,0.5054948466268699,0.0018716077110237693,5343,99.97861792432315,2.2229536396970784,101.37961647727273
2022-11,7.0,0.6068237396791532,0.006795016987542469,883,99.99863526776086,7.8560814144908235,103.62073863636364
2022-12,2.5,0.44162386440939344,0.0019455252918287938,2056,99.90814090029416,2.309810196889517,86.14772727272727
2022-12,3.0,0.42119828309769836,0.001558060672715608,10911,99.85862984688153,1.8537338761342559,89.26811079545455
2022-12,3.5,0.4403654944515629,0.0020990764063811922,7146,99.9056256857798,2.490013799570734,92.27308238636364
2022-12,4.0,0.45750870163195584,0.002631066068992399,10262,99.9350299326112,3.111989062206577,95.06676136363636
2022-12,4.5,0.47961117210587256,0.0019699581383895593,4061,99.96056012129019,2.3385043589781107,97.55149147727273
2022-12,5.0,0.49137567308314417,0.0022159300750954083,8123,99.97002456200035,2.626945998210284,99.57066761363636
2022-12,5.5,0.5043692254403455,0.001986754966887417,6040,99.97802650316468,2.358226228930649,101.0575284090909
2022-12,6.0,0.5333786541762321,0.0032079843165211193,5611,99.98934446590303,3.7823805915053077,102.11576704545455
2022-12,7.0,0.6576758710495557,0.004784688995215311,1672,99.99974102959193,5.59291542247633,103.81427556818181
2023-01,2.5,0.44724274022156474,0.002474022761009401,2021,99.918639527428,2.9287614065031886,87.13529829545455
2023-01,3.0,0.43101058048289254,0.0015701487023182783,10827,99.88485362027292,1.8679918826606356,90.2879971590909
2023-01,3.5,0.45021415274250004,0.0016315431679129844,7355,99.92373545720011,1.940378240433327,93.29438920454545
2023-01,4.0,0.4685263850363738,0.001990049751243781,10050,99.9492097318335,2.3620943469023215,95.97052556818181
2023-01,4.5,0.4883143378365015,0.0024224806201550387,4128,99.96778642130872,2.8685562790719543,98.26242897727273
2023-01,5.0,0.5010926033002949,0.002773757838880849,8292,99.97621849621923,3.2781973468390735,100.02166193181819
2023-01,5.5,0.5172196394676691,0.0029013539651837525,6204,99.98396772562887,3.4266007348608185,101.28444602272727
2023-01,6.0,0.5563217405750241,0.002859866539561487,6294,99.99418140965871,3.3783708180202487,102.26207386363636
2023-01,7.0,0.6849736308394074,0.005059797608095676,2174,99.99990446491526,5.905604555222088,103.453125
2023-02,2.5,0.45239127327215317,0.0020470829068577278,1954,99.9272815981803,2.429029726994547,86.122265625
2023-02,3.0,0.4295131324833692,0.0024161323297091346,10761,99.88116405665178,2.861138627572779,89.3140625
2023-02,3.5,0.44581141790744633,0.0026719167486991984,7111,99.91607508972618,3.1595989222481746,92.360546875
2023-02,4.0,0.46699650027242734,0.0016619415387623424,10229,99.94742724603786,1.9762009300410277,95.0390625
2023-02,4.5,0.4865862205707581,0.00244140625,4096,99.96645635560013,2.8906668248399714,97.35078125
2023-02,5.0,0.5004195601285399,0.002206423142927188,8158,99.97583064210744,2.6158121159148617,99.061328125
2023-02,5.5,0.5149624403870029,0.0033610755441741357,6248,99.98304474046975,3.959560628460923,100.4625
2023-02,6.0,0.5408589385675565,0.0042230959662152324,6867,99.99122284825913,4.951648533237019,101.753125
2023-02,7.0,0.6602201920777843,0.005638340716874748,2483,99.99976320594318,6.560082885697593,103.3265625
2023-03,2.5,0.45076373566408584,0.001987083954297069,2013,99.92464528090044,2.3586124705699762,85.49728260869566
2023-03,3.0,0.42969695507982136,0.0015859688403769008,10719,99.8816227398068,1.8866490968237115,88.88756793478261
2023-03,3.5,0.44454365302359716,0.0023010286951813752,7388,99.91374203586228,2.726555846769485,92.02649456521739
2023-03,4.0,0.46596092165995956,0.0020376479720551136,10306,99.94618833218595,2.41795958213058,94.75611413043478
2023-03,4.5,0.48414731002490713,0.0020273694880892043,3946,99.96449345664595,2.405898378565452,97.09680706521739
2023-03,5.0,0.4976146721638679,0.0029659508838533635,8429,99.9741510225234,3.5016519450367323,98.9147418478261
2023-03,5.5,0.5099996233995318,0.0026389320086929527,6442,99.98084170016834,3.121158173076921,100.32302989130434
2023-03,6.0,0.5355586738311969,0.0036662452591656133,7910,99.98992673457036,4.311856626320532,101.52241847826087
2023-03,7.0,0.64739438605503,0.00404263138552003,2721,99.99963062230175,4.744735094838825,103.14979619565217
2023-04,2.5,0.45044906052079986,0.0014851485148514852,2020,99.92412556750654,1.7676926475621468,86.513671875
2023-04,3.0,0.42747365003705895,0.0016121384542437174,10545,99.87596457091175,1.9175046534936735,89.835546875
2023-04,3.5,0.44498168597487,0.002343211578221916,7255,99.91455478122366,2.7758972259733006,92.959375
2023-04,4.0,0.4654452284736829,0.0022860550641089356,10061,99.94556145290672,2.7090356494736456,95.620703125
2023-04,4.5,0.48509057347341966,0.0029069767441860465,4128,99.96526477541897,3.433135623368555,97.833984375
2023-04,5.0,0.49800816524962443,0.0023837902264600714,8390,99.9743929330366,2.8233404781119797,99.50703125
2023-04,5.5,0.5129734435124033,0.001970294028493483,6598,99.98219132059215,2.3388987775967096,100.817578125
2023-04,6.0,0.5386866599107293,0.002775850104094379,8646,99.9907113593274,3.2806324852579394,101.9140625
2023-04,7.0,0.657437508481416,0.004516711833785004,3321,99.99973885741188,5.28741638954161,103.539453125
2023-05,2.5,0.44884619205518145,0.0,1983,99.92142692536223,0.0,85.56589673913044
2023-05,3.0,0.4193916690171911,0.0017633410672853829,10775,99.85324288782893,2.095607573587799,88.90421195652173
2023-05,3.5,0.43496612315657823,0.0021932830705962986,7295,99.8941005162672,2.6004214219996102,92.09714673913044
2023-05,4.0,0.4529505086472208,0.0026690391459074734,10116,99.92816775782292,3.1562458916602143,94.84782608695652
2023-05,4.5,0.47308964073772075,0.0017526289434151227,3994,99.95420259771943,2.0829994305693766,97.09782608695652
2023-05,5.0,0.48879561357106516,0.0022392457277548615,8485,99.96814813546872,2.6542467893965416,98.8203125
2023-05,5.5,0.493866963779041,0.002050380785002929,6828,99.97173973531872,2.432898903384173,100.25815217391305
2023-05,6.0,0.521275990955969,0.002673510854454069,9351,99.98551153066204,3.1614563549565378,101.45142663043478
2023-05,7.0,0.621191075257091,0.0034318901795142554,3788,99.99912694334085,4.0414166909267575,103.2180706521739
2023-06,2.5,0.4294384083485394,0.0005227391531625719,1913,99.88097713603703,0.6254866315532182,85.1573153409091
2023-06,3.0,0.4063178974423253,0.0023386342376052385,10690,99.8082888025128,2.770544213956283,88.40767045454545
2023-06,3.5,0.41927201375826884,0.0015143171806167401,7264,99.85287954110282,1.802121920474553,91.53586647727273
2023-06,4.0,0.4399199235531149,0.0017816490151440166,10103,99.90472005735108,2.1171525373186006,94.29048295454545
2023-06,4.5,0.45999811240468996,0.0030449124587668104,3941,99.93851865851,3.5933199490957746,96.60759943181819
2023-06,5.0,0.4710189378936419,0.002186169600736394,8691,99.95199555077768,2.5920886322261194,98.40696022727273
2023-06,5.5,0.4758089820841586,0.0014289797084881394,6998,99.9569597386544,1.7013625513591868,99.92826704545455
2023-06,6.0,0.5042727060442397,0.002107683464265185,10438,99.97797509856673,2.50010579483374,101.1885653409091
2023-06,7.0,0.5898678516500778,0.002360717658168083,4236,99.99773490847396,2.796367375844311,103.07421875
2023-07,2.5,0.4245363469875557,0.0,2064,99.86810911599629,0.0,84.40587797619048
2023-07,3.0,0.3976875568765096,0.0013776634827332844,10888,99.7720382281984,1.640727011731713,87.65104166666667
2023-07,3.5,0.4115813326036813,0.0013844662882458812,7223,99.8277190310991,1.648767215648883,90.75372023809524
2023-07,4.0,0.43110315678409644,0.002187966185977126,10055,99.88507823517679,2.59419323183252,93.51004464285714
2023-07,4.5,0.44839395557910566,0.00146163215590743,4105,99.92064976859425,1.7399270260738953,95.84412202380952
2023-07,5.0,0.4607147256338526,0.001148105625717566,8710,99.93949061483043,1.3690601921003354,97.72730654761905
2023-07,5.5,0.47127282451049995,0.00360760371860691,7207,99.95227130128168,4.2442513653242475,99.3296130952381
2023-07,6.0,0.49310262562204044,0.002108930863744728,10906,99.9712233324118,2.501568323154013,100.6889880952381
2023-07,7.0,0.5748719265034186,0.00471976401179941,5085,99.9965147220666,5.518982740079503,103.09747023809524
2023-08,2.5,0.41251250847399573,0.004162330905306972,1922,99.83096233254288,4.882023808899194,82.56080163043478
2023-08,3.0,0.3890124012628064,0.0013172751223184042,10628,99.72936201888301,1.5693278739026928,85.8118206521739
2023-08,3.5,0.40057936388577087,0.0023047722342733187,7376,99.78483071205694,2.730935597814399,88.96535326086956
2023-08,4.0,0.4186676525218082,0.002512057877813505,9952,99.85103169628718,2.9731673684522897,91.85563858695652
2023-08,4.5,0.43095288994613823,0.0009928021841648052,4029,99.8847134441246,1.1848787705717512,94.3515625
2023-08,5.0,0.4450587879130995,0.0020512820512820513,8775,99.9146971108139,2.4339562734119635,96.49048913043478
2023-08,5.5,0.4622055313118122,0.002650669642857143,7168,99.94146764831112,3.134838933305162,98.33016304347827
2023-08,6.0,0.4757191450562042,0.0017272648760687452,11579,99.95687113913736,2.0531400521722976,99.90964673913044
2023-08,7.0,0.5402206648181344,0.0030211480362537764,5958,99.99107530515258,3.56573977628859,102.69429347826087
2023-09,2.5,0.4145256058943329,0.0010282776349614395,1945,99.83778355858878,1.2269784839962439,81.21279761904762
2023-09,3.0,0.38880686643500256,0.001418573860412332,10574,99.72826749131927,1.6890697133651433,84.51339285714286
2023-09,3.5,0.39928731860990996,0.001827896512935883,7112,99.77919871171027,2.17155766948558,87.77901785714286
2023-09,4.0,0.4155353429750545,0.0018270401948842874,9852,99.84110909066786,2.170550556710904,90.77752976190476
2023-09,4.5,0.4330407431808974,0.0030635690579525147,3917,99.88968814044331,3.614967090878518,93.42522321428571
2023-09,5.0,0.44264915659080994,0.0025,8800,99.91014464757008,2.959091824118054,95.7436755952381
2023-09,5.5,0.45711481596524617,0.0029540019693346463,7109,99.93446159421323,3.4877732633333713,97.78980654761905
2023-09,6.0,0.47131803844591613,0.0017872340425531914,11750,99.95232025630536,2.1237241844508925,99.51674107142857
2023-09,7.0,0.5324217041606071,0.003776325344952796,6885,99.98907925854927,4.438644990753193,102.40401785714286
2023-10,2.5,0.4110878928068064,0.0,2055,99.82597734323758,0.0,77.51526988636364
2023-10,3.0,0.3806386368451754,0.0018293857115347584,10386,99.68133870421431,2.173309088303721,80.80930397727273
2023-10,3.5,0.3927010101672898,0.0014005602240896359,7140,99.74833043136431,1.6677861643569103,84.0614346590909
2023-10,4.0,0.4065132607853499,0.0017112945439903362,9934,99.80904447215231,2.0343349925809773,87.12428977272727
2023-10,4.5,0.419248978442314,0.0014851485148514852,4040,99.85280949717622,1.7676926475621468,89.96839488636364
2023-10,5.0,0.4279708505425396,0.0021647487752079297,8777,99.87725101163188,2.5669921158939957,92.65802556818181
2023-10,5.5,0.4426274054702999,0.002628666297731046,7228,99.91010255830041,3.1091915560891414,95.18536931818181
2023-10,6.0,0.46071059511235124,0.002890910636850608,11761,99.93948505311701,3.414462247011363,97.47194602272727
2023-10,7.0,0.49704089228251935,0.003126172314617982,7997,99.97379451978745,3.687572723874899,101.18607954545455
2023-11,2.5,0.41642444089220565,0.0020387359836901123,1962,99.84398543752128,2.4192362205749163,79.7705965909091
2023-11,3.0,0.3884101728629307,0.0012259524707657489,10604,99.72614351115782,1.4612638571341874,83.0887784090909
2023-11,3.5,0.40088780691508386,0.00155631013016412,7068,99.7861555905764,1.8516689283577081,86.43785511363636
2023-11,4.0,0.41276921122334714,0.0020094443886265446,9953,99.83184653800134,2.384861046428899,89.58842329545455
2023-11,4.5,0.42631556120903663,0.0019851116625310174,4030,99.87292010787793,2.356296916595968,92.44176136363636
2023-11,5.0,0.436305393796301,0.001805665274799684,8861,99.89707365503624,2.1454085055933714,95.15482954545455
2023-11,5.5,0.45481377879619045,0.0025846823561420213,7351,99.93104933587476,3.057904658326094,97.57421875
2023-11,6.0,0.46719806193351743,0.0015133680847486128,11894,99.94766532266215,1.8010018280483209,99.52698863636364
2023-11,7.0,0.5138339061547403,0.0026762857807772866,8594,99.98256523875614,3.164689587579139,102.22336647727273
2023-12,2.5,0.4326550567531602,0.003088008234688626,1943,99.88878425891225,3.643316982109457,83.73995535714286
2023-12,3.0,0.4003640448701992,0.0016058945777441905,10586,99.78390138105686,1.9101435537427602,87.11979166666667
2023-12,3.5,0.4121402480052365,0.001128668171557562,7088,99.82967251839379,1.346025671157347,90.47693452380952
2023-12,4.0,0.4289430314465506,0.0024542386747111156,9779,99.87973113106612,2.9056561403787207,93.44196428571429
2023-12,4.5,0.4470686431694978,0.0022338049143708115,4029,99.91833148954416,2.647876653552972,96.00855654761905
2023-12,5.0,0.4588688601889643,0.0019390897684498688,8767,99.93695795138143,2.302250972665365,98.19940476190476
2023-12,5.5,0.4700646780104517,0.0014104372355430183,7090,99.95094600164488,1.6794566163611635,99.96056547619048
2023-12,6.0,0.49371444714692003,0.002243083824873307,12037,99.97163737540802,2.6587402259084847,101.2563244047619
2023-12,7.0,0.5664829428729653,0.0032311977715877437,8975,99.99559369780955,3.8092659271257823,102.97470238095238
2024-01,2.5,0.4541930066420212,0.0020502306509482316,1951,99.93010129154804,2.4327227643526794,83.86107336956522
2024-01,3.0,0.4313828750316254,0.0013344771709083976,10491,99.88575446869824,1.5896712574064997,87.2897418478261
2024-01,3.5,0.44306993769486724,0.002109111361079865,7112,99.9109553290128,2.5017799477306313,90.70346467391305
2024-01,4.0,0.4583048904669557,0.0010295480284155255,9713,99.93616498318562,1.2284857905936586,93.64504076086956
2024-01,4.5,0.4709430641439035,0.0027575833542241163,3989,99.95191286005297,3.259370346759416,96.18410326086956
2024-01,5.0,0.4779638859326932,0.00198482194979568,8565,99.95903560185708,2.3559567773478673,98.38586956521739
2024-01,5.5,0.48927487548018733,0.001810837163950411,7179,99.96850463281926,2.1514924352734166,100.01664402173913
2024-01,6.0,0.5086636844907618,0.0017085255424568598,11706,99.98020541608516,2.0310741577518665,101.24966032608695
2024-01,7.0,0.5665039689226657,0.003603800371300644,9157,99.99559626165106,4.239865141390798,103.03804347826087
2024-02,2.5,0.4532626096780004,0.001038961038961039,1925,99.92865799580841,1.2396535578201417,82.44568452380952
2024-02,3.0,0.4351280257243476,0.0015171629053669638,10546,99.89446407118822,1.8054802831219074,85.86979166666667
2024-02,3.5,0.4455218718247763,0.0018361581920903955,7080,99.9155473976047,2.181273714345122,89.30282738095238
2024-02,4.0,0.46155482789608165,0.00215605749486653,9740,99.94061211658894,2.556807771491443,92.35714285714286
2024-02,4.5,0.4746584189332755,0.0018363064008394543,3812,99.95581230764932,2.181448005321529,94.9609375
2024-02,5.0,0.4823059434732498,0.0014251781472684087,8420,99.96294232670184,1.696871780787368,97.25669642857143
2024-02,5.5,0.4944041465727585,0.0023936919177696423,7102,99.97209756906607,2.834913996072652,99.0922619047619
2024-02,6.0,0.5118374708670925,0.0022666218938885156,11912,99.98168641855496,2.6862931657805067,100.54166666666667
2024-02,7.0,0.570975708763748,0.0026318675293343567,9119,99.99611149564072,3.1129233390126854,102.65997023809524
2024-03,2.5,0.4565350822378838,0.0005136106831022085,1947,99.93361680174793,0.6145947438627841,82.72135416666667
2024-03,3.0,0.4350581773488198,0.001636031180829564,10391,99.89430736604628,1.9456678542847494,86.125
2024-03,3.5,0.44828457523109944,0.0015536723163841809,7080,99.92046074612485,1.8485572762763747,89.56770833333333
2024-03,4.0,0.4628508916850314,0.002450479885644272,9794,99.94230498248876,2.90126578874772,92.61644345238095
2024-03,4.5,0.4741496419393763,0.0025529742149604288,3917,99.95529603054564,3.0209163614599466,95.19754464285714
2024-03,5.0,0.4822364340168064,0.0016275284817484307,8602,99.96288257492195,1.93564627225693,97.50706845238095
2024-03,5.5,0.4960634597799922,0.0012858979854264896,6999,99.97317682395081,1.532210903559661,99.38355654761905
2024-03,6.0,0.5125035809423,0.0022649106618572268,11921,99.98198405037472,2.684290291183933,100.81956845238095
2024-03,7.0,0.5710493143528234,0.0028467319517194263,8782,99.99611949366988,3.363097010305527,102.90290178571429
2024-04,2.5,0.45402671479115264,0.0,1956,99.92984530912707,0.0,80.3895596590909
2024-04,3.0,0.4335741975763912,0.0007682704311917795,10413,99.89092722992888,0.9180388959978858,83.85759943181819
2024-04,3.5,0.44648416685441245,0.0011309018942606728,7074,99.91728951280486,1.3486730140715775,87.34801136363636
2024-04,4.0,0.4580117451222473,0.0018488085456039441,9736,99.93574920533435,2.1961492908443625,90.51740056818181
2024-04,4.5,0.4754671033049977,0.00102880658436214,3888,99.95662167601992,1.2276060786783338,93.22727272727273
2024-04,5.0,0.4805650137260731,0.0015179822512844466,8564,99.96141892046079,1.806447209094908,95.77308238636364
2024-04,5.5,0.4910431888553536,0.0007098239636570131,7044,99.9697885779108,0.8484712016310958,97.96484375
2024-04,6.0,0.5094003824546465,0.0021206209178047334,11789,99.98055864799313,2.515273488444836,99.8114346590909
2024-04,7.0,0.5688935491386892,0.00264783759929391,9064,99.99587888951777,3.131538216512131,102.625
2024-05,2.5,0.45091716770347384,0.0035175879396984926,1990,99.92489750198547,4.140390928581605,80.81351902173913
2024-05,3.0,0.42964449088532397,0.0014614185502727982,10264,99.88149199435246,1.73967479023861,84.28023097826087
2024-05,3.5,0.4384710251521456,0.0011525716755510734,6941,99.90171979610419,1.3743520260062758,87.8444293478261
2024-05,4.0,0.45292934061696205,0.0013388259526261586,9710,99.92813439621858,1.5948135771797989,90.9711277173913
2024-05,4.5,0.46654087184446535,0.0015205271160669033,3946,99.94688541283861,1.8094503976190057,93.8101222826087
2024-05,5.0,0.47204087902941794,0.0025569502556950256,8604,99.95309668211146,3.0255552163357846,96.36413043478261
2024-05,5.5,0.48521201527626673,0.002275636467074385,7031,99.96536295596434,2.6968434545879383,98.46059782608695
2024-05,6.0,0.504006379358697,0.0018772932844099326,11719,99.97783268520213,2.2296369621311207,100.1640625
2024-05,7.0,0.5620441569185818,0.0034866719154200876,8891,99.99502075037424,4.104696123880657,102.69259510869566
2024-06,2.5,0.4415101408591468,0.0,1883,99.90791614313449,0.0,82.12734375
2024-06,3.0,0.4172780675599195,0.0015526443474041726,10305,99.84670204123626,1.847344625697156,85.52734375
2024-06,3.5,0.42594832201780847,0.001605839416058394,6850,99.87194047430363,1.9100785196630943,89.01875
2024-06,4.0,0.44347480149099494,0.0015250101667344449,9836,99.91172900973623,1.8147406296262103,92.04375
2024-06,4.5,0.4529615593132433,0.0007649158592554819,3922,99.92818516844358,0.9140472248753473,94.810546875
2024-06,5.0,0.46246360903664735,0.001264367816091954,8700,99.9418038233594,1.5067347891597027,97.150390625
2024-06,5.5,0.47624997325210777,0.0009992862241256246,7005,99.95739224048788,1.1925747910741302,99.033203125
2024-06,6.0,0.49311475622347245,0.0016118086189345097,11788,99.97123159520487,1.9171158130815713,100.571875
2024-06,7.0,0.553052779167885,0.0031362527587408527,8609,99.99364559496641,3.699259073983019,102.901171875
2024-07,2.5,0.4326706211275082,0.0005302226935312832,1886,99.8888208661077,0.6344150094616197,82.60529891304348
2024-07,3.0,0.40795460985215537,0.0009635767970707265,10378,99.81453581862462,1.150183826832829,86.00203804347827
2024-07,3.5,0.41731350777645687,0.0014467592592592592,6912,99.84681388386177,1.7223629742617819,89.44802989130434
2024-07,4.0,0.43347812237477773,0.0011434511434511435,9620,99.89070501611444,1.3635448071422918,92.44565217391305
2024-07,4.5,0.4462051059845778,0.0020709293295366298,3863,99.91678773052291,2.457003946563341,95.15047554347827
2024-07,5.0,0.45324450755990975,0.0010730893048765948,8387,99.92862964559993,1.280134249055298,97.4836956521739
2024-07,5.5,0.4662429535625347,0.002255109231853418,7095,99.94652836578378,2.6728176909153523,99.34069293478261
2024-07,6.0,0.4845988325312588,0.0018888984287799434,11647,99.96486461023925,2.2432773686468566,100.81895380434783
2024-07,7.0,0.5443319907341646,0.0028891713856465965,8653,99.99198723374855,3.4124405449581285,103.08627717391305
2024-08,2.5,0.4254700794843635,0.0005246589716684155,1906,99.87065435496653,0.6277771770823448,85.41619318181819
2024-08,3.0,0.4026675602185905,0.0009584052137243627,10434,99.79365535088453,1.1440432144640744,88.81427556818181
2024-08,3.5,0.4133263943587493,0.0017569546120058566,6830,99.83375116993881,2.088090910837992,92.13068181818181
2024-08,4.0,0.4289194107115785,0.0010532968190436064,9494,99.8796714210419,1.25665956477774,94.9442471590909
2024-08,4.5,0.43844573471582937,0.0015511892450879006,3868,99.90166666620048,1.8456280809017733,97.35333806818181
2024-08,5.0,0.4487066504186265,0.0014186074004019387,8459,99.92118787421298,1.6891093377388477,99.27947443181819
2024-08,5.5,0.45810520776874936,0.0022958817620892524,6969,99.93588203530811,2.7205339007264073,100.66335227272727
2024-08,6.0,0.4779565466399914,0.0012153832797985936,11519,99.95902869031326,1.448750091797868,101.78089488636364
2024-08,7.0,0.5375732751562203,0.002429993057162694,8642,99.99043874058124,2.8773335052945326,103.66370738636364
2024-09,2.5,0.42557314139026237,0.0010610079575596816,1885,99.87093251205926,1.2658058935705374,86.69828869047619
2024-09,3.0,0.40485311126854434,0.0005898545025560362,10172,99.80253505401019,0.7055335850711275,90.15290178571429
2024-09,3.5,0.4149614370264595,0.0010438413361169101,6706,99.83922670079285,1.2454431756572681,93.5531994047619
2024-09,4.0,0.42781367370359513,0.0014575741801145237,9605,99.87684566554431,1.7351350710778313,96.32403273809524
2024-09,4.5,0.43985071720360197,0.0013455328310010765,3716,99.90457868199161,1.6027438012381157,98.58519345238095
2024-09,5.0,0.4464182588690602,0.0014196143381048148,8453,99.91717125379196,1.6902989340297103,100.15364583333333
2024-09,5.5,0.4581893143906141,0.0012921751615218953,6965,99.93600135317658,1.5396373926906737,101.31287202380952
2024-09,6.0,0.47839199026757556,0.001997221257381035,11516,99.9594369109617,2.370513299035082,102.25855654761905
2024-09,7.0,0.5382259655878546,0.002227693750732794,8529,99.99059943176182,2.6407212121161594,103.96875
2024-10,2.5,0.4288301711990358,0.0005339028296849973,1873,99.87944559027245,0.6388053950593942,84.29008152173913
2024-10,3.0,0.4036954062694621,0.0007691568118450149,10401,99.79787601119524,0.9190935931496225,87.67391304347827
2024-10,3.5,0.4138182507598109,0.00014596409283316303,6851,99.83541603878692,0.1750163633856272,91.07201086956522
2024-10,4.0,0.42746114976974525,0.001045696957021855,9563,99.87593206944406,1.2476444632271932,94.02072010869566
2024-10,4.5,0.4378447890304632,0.0013161358252171624,3799,99.90039643355978,1.5679803890979005,96.43308423913044
2024-10,5.0,0.44786580933647624,0.0015566997964315652,8351,99.91973324652045,1.8521285838650536,98.42323369565217
2024-10,5.5,0.4588799991525395,0.001451378809869376,6890,99.9369735219565,1.7278187109981635,100.02989130434783
2024-10,6.0,0.48016470862880534,0.0017392816766675363,11499,99.96106061191048,2.06728764836841,101.38586956521739
2024-10,7.0,0.5398185753511214,0.002007557864903165,8468,99.99098119470317,2.3826467346123703,103.8444293478261
2024-11,2.5,0.4303940265184889,0.0010504201680672268,1904,99.88334740042009,1.2532473151590895,82.77269345238095
2024-11,3.0,0.4061721482150773,0.0006844626967830253,10227,99.80772325705158,0.81827025127158,86.12834821428571
2024-11,3.5,0.4184555597264959,0.0008813160987074031,6808,99.85037819237394,1.052468009144536,89.6108630952381
2024-11,4.0,0.42760712370501375,0.0009742368478025547,9238,99.87631112444394,1.1628402088273093,92.5688244047619
2024-11,4.5,0.44066623911926467,0.0005198856251624642,3847,99.90623248536829,0.6220819828997248,95.11049107142857
2024-11,5.0,0.44970817829441667,0.001194885888397658,8369,99.92288893490584,1.4244773322990234,97.30989583333333
2024-11,5.5,0.46107882732491307,0.001590974833670813,6914,99.93997903778373,1.8925521536774847,99.22098214285714
2024-11,6.0,0.48028313958631497,0.0014745424581490156,11529,99.96116693454674,1.755171031630831,100.77120535714286
2024-11,7.0,0.5396222414131221,0.0016346032943543318,7953,99.99093491230056,1.9439849623482996,103.6328125
2024-12,2.5,0.4338781537887289,0.0010432968179447052,1917,99.89162753004996,1.2447972156335863,82.44140625
2024-12,3.0,0.4104964250787062,0.00029821073558648114,10060,99.823868384901,0.35726653010488274,85.9140625
2024-12,3.5,0.42018909380013675,0.001048689138576779,6675,99.85564342757274,1.2511939362072066,89.44602272727273
2024-12,4.0,0.4340442545608902,0.000859106529209622,9312,99.89200847414945,1.0260705351994859,92.3828125
2024-12,4.5,0.4436427034385755,0.0002644802962179318,3781,99.91204805303934,0.3169150933683862,94.96519886363636
2024-12,5.0,0.45153685516025716,0.0007216742843396681,8314,99.92590832816771,0.8625800257706429,97.23686079545455
2024-12,5.5,0.4654452022918376,0.0007429420505200594,6730,99.9455614209107,0.8878965121660309,99.22514204545455
2024-12,6.0,0.48424203428821677,0.0011355695317959468,11448,99.96457161701666,1.3542047515526456,100.83345170454545
2024-12,7.0,0.5444942175398786,0.001728821931341072,8098,99.99202139923258,2.054973307085639,103.64417613636364
2025-01,2.5,0.44093127007732086,0.0005359056806002144,1866,99.90676426013927,0.6411947123171946,80.9976222826087
2025-01,3.0,0.41567640519789695,0.0002958871683597988,10139,99.84156866561557,0.3544873467274834,84.51154891304348
2025-01,3.5,0.42494330767150235,0.0006175698625907056,6477,99.86922403181408,0.7385718189873325,88.00679347826087
2025-01,4.0,0.4381569359345106,0.0008648648648648649,9250,99.901058090743,1.032915300083137,90.9765625
2025-01,4.5,0.45065936458726114,0.0008094981111710739,3706,99.92447326578178,0.9670844866926265,93.68240489130434
2025-01,5.0,0.4589705534355954,0.0006097560975609756,8200,99.93709997229845,0.729258401341415,96.16542119565217
2025-01,5.5,0.47046963561949096,0.001174915552944632,6809,99.95139393960815,1.4008234355731286,98.4008152173913
2025-01,6.0,0.48700640850472937,0.0008,11250,99.96678431009613,0.9557872437507609,100.35461956521739
2025-01,7.0,0.545164746762302,0.0014754703061600886,8133,99.99216120292533,1.7562665166093838,104.1008831521739
2025-02,2.5,0.44925668328170987,0.0,1825,99.92212629669378,0.0,82.042578125
2025-02,3.0,0.4185801760502437,0.0003973378364954803,10067,99.85076247998956,0.47576479208407685,85.6
2025-02,3.5,0.42827114571021807,0.0001518141794443601,6587,99.87802204965267,0.1820249784861394,89.105859375
2025-02,4.0,0.440852489176353,0.00032847914157451,9133,99.9066064786584,0.3934636186401663,92.06796875
2025-02,4.5,0.4489176683713014,0.0005572582892170521,3589,99.92154911506209,0.6666642064878658,94.7953125
2025-02,5.0,0.46087924373533257,0.0007385524372230429,8124,99.93971175648494,0.8826717386339,97.130859375
2025-02,5.5,0.4711419432595026,0.0009015777610818933,6655,99.95212933081518,1.0765446429039538,99.187890625
2025-02,6.0,0.4896822111204589,0.0008100081000810009,11111,99.9688047486617,0.9676910442620978,100.97421875
2025-02,7.0,0.54960525963618,0.0014855162168853676,8078,99.99303181418661,1.7681267339976325,104.56015625
2025-03,2.5,0.44303007743283906,0.0,1855,99.91087882228426,0.0,82.93861607142857
2025-03,3.0,0.41768151950139054,0.0003946329913180742,10136,99.84797084644565,0.47253308815756734,86.5078125
2025-03,3.5,0.4278268726740881,0.0001497454327643007,6678,99.87687975173203,0.17954659678024454,90.06547619047619
2025-03,4.0,0.4426744408492937,0.00021630975556997622,9246,99.91019355089637,0.2592631158317982,93.09821428571429
2025-03,4.5,0.45029150330783557,0.0008176614881439084,3669,99.92386411550372,0.9767932262473522,95.63058035714286
2025-03,5.0,0.46074035555343335,0.0006122948812147931,8166,99.93952511483482,0.7322845275182566,97.90587797619048
2025-03,5.5,0.4709064961548711,0.0,6741,99.95187295995468,0.0,99.7827380952381
2025-03,6.0,0.4888575888039565,0.0010823486966717777,11087,99.96819444284137,1.2911145036296645,101.44196428571429
2025-03,7.0,0.5478610635450495,0.000749718855429214,8003,99.99270100777805,0.8959621645211135,104.6078869047619
2025-04,2.5,0.44515265727215375,0.0,1806,99.91487009956421,0.0,82.3828125
2025-04,3.0,0.4151206376760343,0.00020026033843997197,9987,99.83975091118218,0.24004789499579848,85.93714488636364
2025-04,3.5,0.42629524713863826,0.00030321406913280777,6596,99.87286609882655,0.36325069994465053,89.47336647727273
2025-04,4.0,0.43882357880116574,0.00021554046772281495,9279,99.9024577023782,0.25834216068251203,92.44673295454545
2025-04,4.5,0.45180597577308296,0.0002723311546840959,3672,99.92634341750353,0.3263083455864013,94.96661931818181
2025-04,5.0,0.4563827235633492,0.0005034612964128383,7945,99.93339313323968,0.6024834363972609,97.33806818181819
2025-04,5.5,0.4713103381563999,0.00029416090601559053,6799,99.95231192213237,0.3524225446198459,99.30610795454545
2025-04,6.0,0.48637333096337027,0.0005372011818426001,11169,99.96628906593004,0.6427401629895413,101.11789772727273
2025-04,7.0,0.5481427741694967,0.0005053057099545225,7916,99.99275539385687,0.6046844837179877,104.3739346590909
2025-05,2.5,0.43849280138021984,0.0,1810,99.9017655223084,0.0,81.4346590909091
2025-05,3.0,0.41036863813502356,0.0001003814495081309,9962,99.82340967675661,0.12039125718371624,85.06569602272727
2025-05,3.5,0.42006955937246837,0.0,6674,99.8552858939136,0.0,88.5731534090909
2025-05,4.0,0.43290809704805594,0.00010886131069018071,9186,99.88937803805325,0.13055538602255723,91.5440340909091
2025-05,4.5,0.44495329555852986,0.0002789400278940028,3585,99.91450231791859,0.33421498089477586,94.18892045454545
2025-05,5.0,0.45035145665485515,0.00012214486380847684,8187,99.92396369986258,0.14647540882308796,96.6416903409091
2025-05,5.5,0.46235482594661564,0.0003045994517209869,6566,99.94166233761975,0.3649076099295323,98.8231534090909
2025-05,6.0,0.4797294913724754,0.0,10923,99.96066759476739,0.0,100.7890625
2025-05,7.0,0.5374160507205377,0.0,7824,99.99039965777357,0.0,104.1924715909091
2025-06,2.5,0.42715823362137495,0.0,1815,99.8751420779809,0.0,81.8735119047619
2025-06,3.0,0.3982917873564989,0.0,9841,99.77476738973337,0.0,85.4438244047619
2025-06,3.5,0.40883529504631844,0.0,6510,99.81781946915538,0.0,88.98697916666667
2025-06,4.0,0.4218256714381323,0.0,9053,99.86045777080922,0.0,91.95907738095238
2025-06,4.5,0.4327958067742945,0.0,3647,99.88911489959617,0.0,94.64434523809524
2025-06,5.0,0.4408894295949237,0.0,8148,99.90668049295451,0.0,97.08296130952381
2025-06,5.5,0.44979553496128816,0.0,6560,99.92303569966813,0.0,99.20238095238095
2025-06,6.0,0.46786763916626306,0.0,10980,99.94844912414803,0.0,101.10974702380952
2025-06,7.0,0.524537959330833,0.0,7682,99.98665279901812,0.0,104.77901785714286
