year_month,coupon_bucket,smm_model,smm_actual,n_loans,cpr_model,cpr_actual,price,price_z,cpr_implied_market,signal,position,price_return,pnl,cum_pnl
2022-01,2.5,0.5364073387699784,0.0,941,99.99014540845043,0.0,100.16666666666667,3.0058974295927547,84.89900230097898,15.091143107471453,-1,,,
2022-02,2.5,0.5190203289490986,0.004487179487179487,1560,99.98467075900442,5.253693577980901,98.359375,2.6400265174218047,86.72835686183373,13.256313897170685,-1,-0.01804284525790356,0.01804284525790356,0.01804284525790356
2022-03,2.5,0.5037823193437622,0.0016233766233766235,1848,99.97771221991415,1.9307524038992718,96.67764945652173,2.2995754048748105,88.43061242456871,11.547099795345446,-1,-0.017097765652519303,0.017097765652519303,0.035140610910422865
2022-04,2.5,0.47694841765796314,0.004038364462392731,1981,99.95806909429884,4.739837819316572,92.52529761904762,1.4589668952182595,92.63365497285146,7.324414121447376,-1,-0.042950484013800194,0.042950484013800194,0.07809109492422306
2022-05,2.5,0.4650210066442301,0.0014691478942213516,2042,99.94504075593085,1.7488015945205437,91.42755681818181,1.2367385545759313,93.7447966760631,6.200244079867744,-1,-0.011864223397427098,0.011864223397427098,0.08995531832165016
2022-06,2.5,0.445805171266332,0.0014677103718199608,2044,99.91606373731697,1.7471042278337512,89.38991477272727,0.8242351564811762,95.80731366653687,4.108750070780104,-1,-0.022286957197234503,0.022286957197234503,0.11224227551888466
2022-07,2.5,0.4486607150794821,0.001487357461576599,2017,99.92110903586816,1.7703003679357954,91.05505952380952,1.1613296278449377,94.12184130971806,5.799267726150092,-1,0.018627881627540033,-0.018627881627540033,0.09361439389134463
2022-08,2.5,0.44666328163868213,0.0005192107995846313,1926,99.91761011789443,0.6212768081810927,91.36039402173913,1.223142014486882,93.81277937650835,6.104830741386081,-1,0.0033532952427510754,-0.0033532952427510754,0.09026109864859355
2022-09,2.5,0.4360284347937946,0.0020273694880892043,1973,99.89646516518941,2.405898378565452,86.60973011363636,0.2614102865467333,98.62143801620908,1.2750271489803282,0,-0.05199916176994979,0.05199916176994979,0.14226026041854334
2022-10,2.5,0.4193464339929625,0.0020512820512820513,1950,99.85310562337945,2.4339562734119635,82.44345238095238,-0.5820174028123545,102.83857646300453,-2.98547083962508,1,-0.048104037816739664,-0.0,0.14226026041854334
2022-11,2.5,0.4310395795063998,0.0004897159647404506,2042,99.8849240229191,0.5860789152310253,83.76242897727273,-0.31500174655255786,101.50349818170554,-1.6185741587864442,0,0.015998560931505645,0.015998560931505645,0.15825882135004898
2022-12,2.5,0.44162386440939344,0.0019455252918287938,2056,99.90814090029416,2.309810196889517,86.14772727272727,0.16788171894107295,99.0890808542374,0.8190600460567623,0,0.028476947535770902,0.0,0.15825882135004898
2023-01,2.5,0.44724274022156474,0.002474022761009401,2021,99.918639527428,2.9287614065031886,87.13529829545455,0.36780711979529435,98.08945384996629,1.8291856774617088,0,0.011463692125049496,0.0,0.15825882135004898
2023-02,2.5,0.45239127327215317,0.0020470829068577278,1954,99.9272815981803,2.429029726994547,86.122265625,0.16272722370869414,99.11485333039928,0.8124282677810157,0,-0.01162597351786876,-0.0,0.15825882135004898
2023-03,2.5,0.45076373566408584,0.001987083954297069,2013,99.92464528090044,2.3586124705699762,85.49728260869566,0.03620469805108279,99.74746595868734,0.1771793222130924,0,-0.007256927250679723,-0.0,0.15825882135004898
2023-04,2.5,0.45044906052079986,0.0014851485148514852,2020,99.92412556750654,1.7676926475621468,86.513671875,0.2419641085779939,98.71866890605278,1.205456661453752,0,0.011887971585672119,0.0,0.15825882135004898
2023-05,2.5,0.44884619205518145,0.0,1983,99.92142692536223,0.0,85.56589673913044,0.05009504843171123,99.6780142067842,0.24341271857802838,0,-0.010955206446895072,-0.0,0.15825882135004898
2023-06,2.5,0.4294384083485394,0.0005227391531625719,1913,99.88097713603703,0.6254866315532182,85.1573153409091,-0.03261879993070482,100.09158344859628,-0.2106063125592499,0,-0.0047750495675514815,-0.0,0.15825882135004898
2023-07,2.5,0.4245363469875557,0.0,2064,99.86810911599629,0.0,84.40587797619048,-0.18474093889680016,100.85219414342676,-0.9840850274304671,0,-0.008824108201513803,-0.0,0.15825882135004898
2023-08,2.5,0.41251250847399573,0.004162330905306972,1922,99.83096233254288,4.882023808899194,82.56080163043478,-0.5582610397733491,102.71979464780951,-2.888832315266626,1,-0.021859571750158957,-0.0,0.15825882135004898
2023-09,2.5,0.4145256058943329,0.0010282776349614395,1945,99.83778355858878,1.2269784839962439,81.21279761904762,-0.8311530507047994,104.08425470246675,-4.246471143877969,1,-0.016327409433609996,-0.016327409433609996,0.141931411916439
2023-10,2.5,0.4110878928068064,0.0,2055,99.82597734323758,0.0,77.51526988636364,-1.5796862671665228,107.82692078477537,-8.000943441537785,1,-0.04552888018989709,-0.04552888018989709,0.0964025317265419
2023-11,2.5,0.41642444089220565,0.0020387359836901123,1962,99.84398543752128,2.4192362205749163,79.7705965909091,-1.1231144509762498,105.544061703824,-5.700076266302716,1,0.029095257074531755,0.029095257074531755,0.12549778880107365
2023-12,2.5,0.4326550567531602,0.003088008234688626,1943,99.88878425891225,3.643316982109457,83.73995535714286,-0.3195513408700402,101.52624615329296,-1.6374618943807064,0,0.049759672559426926,0.049759672559426926,0.17525746136050058
2024-01,2.5,0.4541930066420212,0.0020502306509482316,1951,99.93010129154804,2.4327227643526794,83.86107336956522,-0.2950320236493553,101.40364956718953,-1.473548275641491,0,0.0014463586934791994,0.0,0.17525746136050058
2024-02,2.5,0.4532626096780004,0.001038961038961039,1925,99.92865799580841,1.2396535578201417,82.44568452380952,-0.581565524369987,102.83631707079269,-2.907659074984281,1,-0.016877781178858298,-0.0,0.17525746136050058
2024-03,2.5,0.4565350822378838,0.0005136106831022085,1947,99.93361680174793,0.6145947438627841,82.72135416666667,-0.5257585367374873,102.55728213263019,-2.623665330882261,1,0.00334365157435923,0.00334365157435923,0.1786011129348598
2024-04,2.5,0.45402671479115264,0.0,1956,99.92984530912707,0.0,80.3895596590909,-0.997810612900413,104.91754251344481,-4.98769720431774,1,-0.02818854370877044,-0.02818854370877044,0.15041256922608937
2024-05,2.5,0.45091716770347384,0.0035175879396984926,1990,99.92489750198547,4.140390928581605,80.81351902173913,-0.9119836257038151,104.48840757746183,-4.5635100754763585,1,0.005273811231783165,0.005273811231783165,0.15568638045787253
2024-06,2.5,0.4415101408591468,0.0,1883,99.90791614313449,0.0,82.12734375,-0.6460109215590939,103.15854405673822,-3.2506279136037364,1,0.016257486917596653,0.016257486917596653,0.17194386737546918
2024-07,2.5,0.4326706211275082,0.0005302226935312832,1886,99.8888208661077,0.6344150094616197,82.60529891304348,-0.5492529412591776,102.67475415523865,-2.785933289130952,1,0.005819683691443922,0.005819683691443922,0.1777635510669131
2024-08,2.5,0.4254700794843635,0.0005246589716684155,1906,99.87065435496653,0.6277771770823448,85.41619318181819,0.019788829419430998,99.8295453018456,0.041109053120933936,0,0.034028014010743624,0.034028014010743624,0.21179156507765673
2024-09,2.5,0.42557314139026237,0.0010610079575596816,1885,99.87093251205926,1.2658058935705374,86.69828869047619,0.279338221415547,98.53179834186503,1.339134170194228,0,0.015009981841837883,0.0,0.21179156507765673
2024-10,2.5,0.4288301711990358,0.0005339028296849973,1873,99.87944559027245,0.6388053950593942,84.29008152173913,-0.20818295171502968,100.9694042075179,-1.0899586172454434,0,-0.027776870859985148,-0.0,0.21179156507765673
2024-11,2.5,0.4303940265184889,0.0010504201680672268,1904,99.88334740042009,1.2532473151590895,82.77269345238095,-0.5153653325630158,102.50531611175784,-2.6219687113377432,1,-0.018001976531091923,-0.0,0.21179156507765673
2024-12,2.5,0.4338781537887289,0.0010432968179447052,1917,99.89162753004996,1.2447972156335863,82.44140625,-0.5824316247178586,102.84064757253205,-2.94902004248209,1,-0.004002373108367374,-0.004002373108367374,0.20778919196928936
2025-01,2.5,0.44093127007732086,0.0005359056806002144,1866,99.90676426013927,0.6411947123171946,80.9976222826087,-0.8747134776528188,104.30205683720685,-4.395292577067579,1,-0.017512849829527277,-0.017512849829527277,0.19027634213976208
2025-02,2.5,0.44925668328170987,0.0,1825,99.92212629669378,0.0,82.042578125,-0.6631710054080316,103.24434447598291,-3.3222181792891377,1,0.012901068117102898,0.012901068117102898,0.20317741025686498
2025-03,2.5,0.44303007743283906,0.0,1855,99.91087882228426,0.0,82.93861607142857,-0.4817757016802976,102.33736795734424,-2.426489135059981,1,0.010921621027844441,0.010921621027844441,0.21409903128470942
2025-04,2.5,0.44515265727215375,0.0,1806,99.91487009956421,0.0,82.3828125,-0.5942934338300292,102.8999566180929,-2.9850865185286892,1,-0.006701384683702738,-0.006701384683702738,0.20739764660100668
2025-05,2.5,0.43849280138021984,0.0,1810,99.9017655223084,0.0,81.4346590909091,-0.7862390721906065,103.85968480989578,-3.957919287587387,1,-0.011509116772274619,-0.011509116772274619,0.19588852982873206
2025-06,2.5,0.42715823362137495,0.0,1815,99.8751420779809,0.0,81.8735119047619,-0.6973970317637541,103.41547460776152,-3.5403325297806276,1,0.005389017633915527,0.005389017633915527,0.2012775474626476
2022-01,3.0,0.5438476261966492,0.0031658927817644574,4738,99.99188442545778,3.7336134914361274,102.43712797619048,2.949955902938235,85.17870993425159,14.813174491206198,-1,,,
2022-02,3.0,0.5337488764860295,0.0020242914979757085,7904,99.98944547492712,2.4022862701791547,100.79765625,2.600741634576869,86.92478127605841,13.064664198868712,-1,-0.016004663139048025,0.016004663139048025,0.016004663139048025
2022-03,3.0,0.5149904636894048,0.0018119589289309443,9934,99.98305649192449,2.1528119729503525,99.0084918478261,2.219642206204799,88.83027841791876,11.152778074005724,-1,-0.017750059562261944,0.017750059562261944,0.03375472270130997
2022-04,3.0,0.47362543753041186,0.0023613866062151697,10587,99.95475832024624,2.797149509526131,95.41369047619048,1.4539346243990767,92.65881632694737,7.295941993298868,-1,-0.036308010601360796,0.036308010601360796,0.07006273330267077
2022-05,3.0,0.4603767348455411,0.0019051075024947837,11023,99.93903396019014,2.2623262027771873,94.7020596590909,1.302354312785971,93.4167178850129,6.522316075177244,-1,-0.007458372205791153,0.007458372205791153,0.07752110550846192
2022-06,3.0,0.4350449937211344,0.00255964896242801,10939,99.89427776460124,3.0287036871310846,92.7705965909091,0.8909446791539323,95.4737660531731,4.420511711428148,-1,-0.020395153760485285,0.020395153760485285,0.0979162592689472
2022-07,3.0,0.43751961115371385,0.0026256224535989134,11045,99.89970284320522,3.1056431228127956,94.171875,1.1894227843776914,93.9813755270543,5.918327316150922,-1,0.015104768758469111,-0.015104768758469111,0.08281149051047809
2022-08,3.0,0.4411025342017993,0.0018693252625956917,11234,99.9071064233163,2.2202705314996574,94.59069293478261,1.2786327392279495,93.535325752803,6.371780670513303,-1,0.004447378102884869,-0.004447378102884869,0.07836411240759322
2022-09,3.0,0.41625827125989356,0.0015450331727710623,11003,99.84345151135413,1.838365624624927,89.8174715909091,0.2619168223265665,98.61890533730993,1.2245461740442067,0,-0.05046184984779112,0.05046184984779112,0.12882596225538434
2022-10,3.0,0.39777862558963295,0.0016124697661918839,11163,99.77245149404021,1.9178952332820742,85.51785714285714,-0.6539188640876891,103.1980837693812,-3.4256322753409876,1,-0.04787057987598864,-0.0,0.12882596225538434
2022-11,3.0,0.40689123560165635,0.0017674418604651163,10750,99.81049874082174,2.100433802999524,86.86115056818181,-0.3677918005796184,101.76744845184085,-1.9569497110191065,0,0.015707753564038862,0.015707753564038862,0.1445337158194232
2022-12,3.0,0.42119828309769836,0.001558060672715608,10911,99.85862984688153,1.8537338761342559,89.26811079545455,0.14490069744538117,99.20398596171584,0.6546438851656831,0,0.02771043454442146,0.0,0.1445337158194232
2023-01,3.0,0.43101058048289254,0.0015701487023182783,10827,99.88485362027292,1.8679918826606356,90.2879971590909,0.36214071726358554,98.11778586262483,1.7670677576480927,0,0.011424979811360592,0.0,0.1445337158194232
2023-02,3.0,0.4295131324833692,0.0024161323297091346,10761,99.88116405665178,2.861138627572779,89.3140625,0.1546886008452692,99.1550464447164,0.7261176119353792,0,-0.010786978222307786,-0.0,0.1445337158194232
2023-03,3.0,0.42969695507982136,0.0015859688403769008,10719,99.8816227398068,1.8866490968237115,88.88756793478261,0.06384349191584088,99.60927198936355,0.27235075044325185,0,-0.004775222997133288,-0.0,0.1445337158194232
2023-04,3.0,0.42747365003705895,0.0016121384542437174,10545,99.87596457091175,1.9175046534936735,89.835546875,0.2657669327056572,98.59965478541447,1.2763097854972756,0,0.01066492156600507,0.0,0.1445337158194232
2023-05,3.0,0.4193916690171911,0.0017633410672853829,10775,99.85324288782893,2.095607573587799,88.90421195652173,0.06738873748572032,99.59154576151415,0.2616971263147718,0,-0.010367109133026853,-0.0,0.1445337158194232
2023-06,3.0,0.4063178974423253,0.0023386342376052385,10690,99.8082888025128,2.770544213956283,88.40767045454545,-0.038376659107373985,100.12037274447962,-0.31208394196681866,0,-0.005585129107483877,-0.0,0.1445337158194232
2023-07,3.0,0.3976875568765096,0.0013776634827332844,10888,99.7720382281984,1.640727011731713,87.65104166666667,-0.19954172487779606,100.92619807333173,-1.1541598451333357,0,-0.008558406572513388,-0.0,0.1445337158194232
2023-08,3.0,0.3890124012628064,0.0013172751223184042,10628,99.72936201888301,1.5693278739026928,85.8118206521739,-0.5913034190079928,102.88500654398273,-3.155644525099717,1,-0.02098344731015578,-0.0,0.1445337158194232
2023-09,3.0,0.38880686643500256,0.001418573860412332,10574,99.72826749131927,1.6890697133651433,84.51339285714286,-0.8678739174303287,104.26785903609439,-4.539591544775121,1,-0.015131106474177258,-0.015131106474177258,0.12940260934524594
2023-10,3.0,0.3806386368451754,0.0018293857115347584,10386,99.68133870421431,2.173309088303721,80.80930397727273,-1.6568601911582557,108.21279040473404,-8.531451700519725,1,-0.043828424757852646,-0.043828424757852646,0.0855741845873933
2023-11,3.0,0.3884101728629307,0.0012259524707657489,10604,99.72614351115782,1.4612638571341874,83.0887784090909,-1.171322695610535,105.78510292699544,-6.05895941583762,1,0.028208069116141266,0.028208069116141266,0.11378225370353456
2023-12,3.0,0.4003640448701992,0.0016058945777441905,10586,99.78390138105686,1.9101435537427602,87.11979166666667,-0.3127001753123486,101.4919903255045,-1.7080889444476384,0,0.04851453270535422,0.04851453270535422,0.16229678640888878
2024-01,3.0,0.4313828750316254,0.0013344771709083976,10491,99.88575446869824,1.5896712574064997,87.2897418478261,-0.27650008279268434,101.31098986290618,-1.4252353942079452,0,0.0019507643201177594,0.0,0.16229678640888878
2024-02,3.0,0.4351280257243476,0.0015171629053669638,10546,99.89446407118822,1.8054802831219074,85.86979166666667,-0.5789553528054135,102.82326621296983,-2.9288021417816026,1,-0.016267091081960672,-0.0,0.16229678640888878
2024-03,3.0,0.4350581773488198,0.001636031180829564,10391,99.89430736604628,1.9456678542847494,86.125,-0.5245949207339138,102.55146405261232,-2.65715668656604,1,0.002972038575847602,0.002972038575847602,0.16526882498473638
2024-04,3.0,0.4335741975763912,0.0007682704311917795,10413,99.89092722992888,0.9180388959978858,83.85759943181819,-1.0075606333172136,104.96629261552883,-5.075365385599952,1,-0.02632685710515892,-0.02632685710515892,0.13894196787957747
2024-05,3.0,0.42964449088532397,0.0014614185502727982,10264,99.88149199435246,1.73967479023861,84.28023097826087,-0.9175383633874006,104.51618126587977,-4.634689271527307,1,0.005039871750518232,0.005039871750518232,0.1439818396300957
2024-06,3.0,0.4172780675599195,0.0015526443474041726,10305,99.84670204123626,1.847344625697156,85.52734375,-0.6518981774727854,103.18798033630668,-3.341278295070424,1,0.014797215874512881,0.014797215874512881,0.15877905550460858
2024-07,3.0,0.40795460985215537,0.0009635767970707265,10378,99.81453581862462,1.150183826832829,86.00203804347827,-0.550786326780785,102.68242108284669,-2.8678852642220676,1,0.005550205029935418,0.005550205029935418,0.164329260534544
2024-08,3.0,0.4026675602185905,0.0009584052137243627,10434,99.79365535088453,1.1440432144640744,88.81427556818181,0.04823191425329544,99.68732987767628,0.10632547320825836,0,0.03269966141130087,0.03269966141130087,0.19702892194584487
2024-09,3.0,0.40485311126854434,0.0005898545025560362,10172,99.80253505401019,0.7055335850711275,90.15290178571429,0.33336484317007964,98.26166523309236,1.540869820917834,0,0.015072196546880967,0.0,0.19702892194584487
2024-10,3.0,0.4036954062694621,0.0007691568118450149,10401,99.79787601119524,0.9190935931496225,87.67391304347827,-0.19467002688381072,100.9018395833618,-1.1039635721665633,0,-0.02749760343963603,-0.0,0.19702892194584487
2024-11,3.0,0.4061721482150773,0.0006844626967830253,10227,99.80772325705158,0.81827025127158,86.12834821428571,-0.523881737222773,102.54789813505663,-2.7401748780050497,1,-0.017628559916404107,-0.0,0.19702892194584487
2024-12,3.0,0.4104964250787062,0.00029821073558648114,10060,99.823868384901,0.35726653010488274,85.9140625,-0.5695254819358685,102.7761168586221,-2.9522484737210988,1,-0.0024879812364747567,-0.0024879812364747567,0.1945409407093701
2025-01,3.0,0.41567640519789695,0.0002958871683597988,10139,99.84156866561557,0.3544873467274834,84.51154891304348,-0.8682666851611023,104.26982287474827,-4.428254209132703,1,-0.016324610269203843,-0.016324610269203843,0.17821633044016627
2025-02,3.0,0.4185801760502437,0.0003973378364954803,10067,99.85076247998956,0.47576479208407685,85.6,-0.6364220952810022,103.11059992534777,-3.2598374453582153,1,0.012879317690372094,0.012879317690372094,0.19109564813053836
2025-03,3.0,0.41768151950139054,0.0003946329913180742,10136,99.84797084644565,0.47253308815756734,86.5078125,-0.44305427262666264,102.14376081207607,-2.2957899656304193,1,0.010605286214953269,0.010605286214953269,0.20170093434549163
2025-04,3.0,0.4151206376760343,0.00020026033843997197,9987,99.83975091118218,0.24004789499579848,85.93714488636364,-0.5646088380332969,102.75153363910924,-2.9117827279270614,1,-0.006596717650632522,-0.006596717650632522,0.1951042166948591
2025-05,3.0,0.41036863813502356,0.0001003814495081309,9962,99.82340967675661,0.12039125718371624,85.06569602272727,-0.7502310555242028,103.67964472656377,-3.856235049807154,1,-0.01014053777081736,-0.01014053777081736,0.18496367892404175
2025-06,3.0,0.3982917873564989,0.0,9841,99.77476738973337,0.0,85.4438244047619,-0.6696881439451657,103.27693016866858,-3.502162778935215,1,0.004445133581621574,0.004445133581621574,0.18940881250566333
2022-01,3.5,0.5728616443801162,0.000513347022587269,1948,99.99631172872071,0.614280133734002,104.60528273809524,2.947543991471011,85.1907694915877,14.805542237133011,-1,,,
2022-02,3.5,0.5571594133713839,0.0024284943335132216,3706,99.9943118766093,2.875582515522057,102.9953125,2.5780536142305452,87.03822137779002,12.956090498819279,-1,-0.015390907571333656,0.015390907571333656,0.015390907571333656
2022-03,3.5,0.5303975740485576,0.0018704301989457576,5881,99.9884982484653,2.22156943621008,101.14572010869566,2.15356962425774,89.16064132765406,10.827856920811243,-1,-0.017958024947051232,0.017958024947051232,0.03334893251838489
2022-04,3.5,0.4953334708794764,0.0019738839963559063,6586,99.97270682719387,2.3431142025674534,98.0375744047619,1.440245923303165,92.72725983242694,7.245446994766937,-1,-0.030729384304087337,0.030729384304087337,0.06407831682247223
2022-05,3.5,0.48115072774244894,0.0024927295388450354,7221,99.96193774249394,2.950603879008684,97.46306818181819,1.3083959573723605,93.38650966208095,6.5754280804129905,-1,-0.0058600615777353315,0.0058600615777353315,0.06993837840020756
2022-06,3.5,0.4554938550406817,0.001093344266776001,7317,99.93207440934304,1.304152152077187,95.85227272727273,0.9387161918250315,95.2349084898176,4.697165919525446,-1,-0.016527239338910427,0.016527239338910427,0.08646561773911798
2022-07,3.5,0.45931530622627903,0.0020383204239706482,7359,99.93757926130633,2.4187486177492445,96.95535714285714,1.1918755777553998,93.96911156016576,5.968467701140568,-1,0.011508171733423556,-0.011508171733423556,0.07495744600569443
2022-08,3.5,0.46304511815712734,0.0032197477864233967,7454,99.94255482688042,3.7960056557858834,97.25611413043478,1.2608997188036488,93.62399085492451,6.318563971955911,-1,0.003102015158734428,-0.003102015158734428,0.07185543084696
2022-09,3.5,0.43455402602941645,0.0019076168415315439,7339,99.8931699591705,2.265274863119049,92.8125,0.2410841827674597,98.72306853510545,1.1701014240650522,0,-0.04568981775762948,0.04568981775762948,0.11754524860458948
2022-10,3.5,0.4122000103999732,0.001628443479440901,7369,99.82988019014294,1.936724765997233,88.60714285714286,-0.7240510479207295,103.5487446885464,-3.7188644984034624,1,-0.0453102453102453,-0.0,0.11754524860458948
2022-11,3.5,0.42415429389717085,0.0019001085776330076,7368,99.86705451476602,2.2564518505468256,89.99609375,-0.40528491347501583,101.95491401631783,-2.0878595015518044,1,0.01567538291011683,0.01567538291011683,0.1332206315147063
2022-12,3.5,0.4403654944515629,0.0020990764063811922,7146,99.9056256857798,2.490013799570734,92.27308238636364,0.11728710078633332,99.34205394501109,0.5635717407687082,0,0.025300971869833377,0.025300971869833377,0.1585216033845397
2023-01,3.5,0.45021415274250004,0.0016315431679129844,7355,99.92373545720011,1.940378240433327,93.29438920454545,0.3516784159790392,98.17009736904755,1.753638088152556,0,0.011068307157068968,0.0,0.1585216033845397
2023-02,3.5,0.44581141790744633,0.0026719167486991984,7111,99.91607508972618,3.1595989222481746,92.360546875,0.13736032086003266,99.2416878446426,0.6743872450835795,0,-0.010009630134327097,-0.0,0.1585216033845397
2023-03,3.5,0.44454365302359716,0.0023010286951813752,7388,99.91374203586228,2.726555846769485,92.02649456521739,0.06069485771106586,99.62501516038742,0.28872687547486464,0,-0.003616829058350146,-0.0,0.1585216033845397
2023-04,3.5,0.44498168597487,0.002343211578221916,7255,99.91455478122366,2.7758972259733006,92.959375,0.2747921966630438,98.55452846562754,1.3600263155961159,0,0.010137085403394197,0.0,0.1585216033845397
2023-05,3.5,0.43496612315657823,0.0021932830705962986,7295,99.8941005162672,2.6004214219996102,92.09714673913044,0.07690962850265251,99.54394130642949,0.3501592098377131,0,-0.009275323342799568,-0.0,0.1585216033845397
2023-06,3.5,0.41927201375826884,0.0015143171806167401,7264,99.85287954110282,1.802121920474553,91.53586647727273,-0.051904961223422634,100.18801425505987,-0.3351347139570464,0,-0.006094437034488753,-0.0,0.1585216033845397
2023-07,3.5,0.4115813326036813,0.0013844662882458812,7223,99.8277190310991,1.648767215648883,90.75372023809524,-0.23140859559669785,101.08553242692625,-1.2578133958271565,0,-0.008544696950803288,-0.0,0.1585216033845397
2023-08,3.5,0.40057936388577087,0.0023047722342733187,7376,99.78483071205694,2.730935597814399,88.96535326086956,-0.6418412690859181,103.13769579437235,-3.352865082315404,1,-0.01970571534184873,-0.0,0.1585216033845397
2023-09,3.5,0.39928731860990996,0.001827896512935883,7112,99.77919871171027,2.17155766948558,87.77901785714286,-0.9141068709490302,104.4990238036879,-4.71982509197764,1,-0.013334802372425347,-0.013334802372425347,0.14518680101211434
2023-10,3.5,0.3927010101672898,0.0014005602240896359,7140,99.74833043136431,1.6677861643569103,84.0614346590909,-1.7672973124668523,108.76497601127701,-9.016645579912705,1,-0.04235161532682197,-0.04235161532682197,0.10283518568529237
2023-11,3.5,0.40088780691508386,0.00155631013016412,7068,99.7861555905764,1.8516689283577081,86.43785511363636,-1.2219055595914716,106.03801724690011,-6.251861656323712,1,0.02827004397656263,0.02827004397656263,0.131105229661855
2023-12,3.5,0.4121402480052365,0.001128668171557562,7088,99.82967251839379,1.346025671157347,90.47693452380952,-0.29493129655494577,101.40314593171749,-1.573473413323697,0,0.046728130919758915,0.046728130919758915,0.17783336058161392
2024-01,3.5,0.44306993769486724,0.002109111361079865,7112,99.9109553290128,2.5017799477306313,90.70346467391305,-0.24294231648714135,101.14320103137847,-1.2322457023656739,0,0.0025037337007025595,0.0,0.17783336058161392
2024-02,3.5,0.4455218718247763,0.0018361581920903955,7080,99.9155473976047,2.181273714345122,89.30282738095238,-0.5643904957810532,102.75044192784802,-2.834894530243318,1,-0.015441938166266156,-0.0,0.17783336058161392
2024-03,3.5,0.44828457523109944,0.0015536723163841809,7080,99.92046074612485,1.8485572762763747,89.56770833333333,-0.5035999540038076,102.4464892189618,-2.5260284728369555,1,0.002966098164518538,0.002966098164518538,0.18079945874613246
2024-04,3.5,0.44648416685441245,0.0011309018942606728,7074,99.91728951280486,1.3486730140715775,87.34801136363636,-1.013023452206594,104.99360670997572,-5.076317197170866,1,-0.024782335185312476,-0.024782335185312476,0.15601712356081998
2024-05,3.5,0.4384710251521456,0.0011525716755510734,6941,99.90171979610419,1.3743520260062758,87.8444293478261,-0.8990948441447317,104.42396366966642,-4.522243873562232,1,0.005683220218066554,0.005683220218066554,0.16170034377888653
2024-06,3.5,0.42594832201780847,0.001605839416058394,6850,99.87194047430363,1.9100785196630943,89.01875,-0.629586644237662,103.07642267013107,-3.2044821958274383,1,0.013368185790405773,0.013368185790405773,0.1750685295692923
2024-07,3.5,0.41731350777645687,0.0014467592592592592,6912,99.84681388386177,1.7223629742617819,89.44802989130434,-0.5310663205530164,102.58382105170784,-2.7370071678460732,1,0.004822353619932329,0.004822353619932329,0.17989088318922464
2024-08,3.5,0.4133263943587493,0.0017569546120058566,6830,99.83375116993881,2.088090910837992,92.13068181818181,0.08460597512837731,99.50545957330087,0.32829159663793916,0,0.029991179572511406,0.029991179572511406,0.20988206276173604
2024-09,3.5,0.4149614370264595,0.0010438413361169101,6706,99.83922670079285,1.2454431756572681,93.5531994047619,0.41107571181029134,97.8731108898913,1.966115810901556,0,0.01544021555584929,0.0,0.20988206276173604
2024-10,3.5,0.4138182507598109,0.00014596409283316303,6851,99.83541603878692,0.1750163633856272,91.07201086956522,-0.15836045923295544,100.72029174510753,-0.8848757063206136,0,-0.02652168553275991,-0.0,0.20988206276173604
2024-11,3.5,0.4184555597264959,0.0008813160987074031,6808,99.85037819237394,1.052468009144536,89.6108630952381,-0.49369587697268064,102.39696883380616,-2.5465906414322177,1,-0.01604387297893084,-0.0,0.20988206276173604
2024-12,3.5,0.42018909380013675,0.001048689138576779,6675,99.85564342757274,1.2511939362072066,89.44602272727273,-0.5315269674505022,102.58612428619527,-2.7304808586225278,1,-0.0018395132272096548,-0.0018395132272096548,0.2080425495345264
2025-01,3.5,0.42494330767150235,0.0006175698625907056,6477,99.86922403181408,0.7385718189873325,88.00679347826087,-0.8618320535756067,104.23764971682078,-4.368425685006699,1,-0.01609047786730744,-0.01609047786730744,0.19195207166721895
2025-02,3.5,0.42827114571021807,0.0001518141794443601,6587,99.87802204965267,0.1820249784861394,89.105859375,-0.6095949232304404,102.97646406509496,-3.098442015442288,1,0.012488421101384706,0.012488421101384706,0.20444049276860365
2025-03,3.5,0.4278268726740881,0.0001497454327643007,6678,99.87687975173203,0.17954659678024454,90.06547619047619,-0.38936154824825137,101.87529719018401,-1.9984174384519804,0,0.010769401947381185,0.010769401947381185,0.21520989471598484
2025-04,3.5,0.42629524713863826,0.00030321406913280777,6596,99.87286609882655,0.36325069994465053,89.47336647727273,-0.5252515393316433,102.55474714560097,-2.6818810467744214,1,-0.006574213985736654,-0.0,0.21520989471598484
2025-05,3.5,0.42006955937246837,0.0,6674,99.8552858939136,0.0,88.5731534090909,-0.7318516728551198,103.58774781321836,-3.732461919304754,1,-0.010061240608516653,-0.010061240608516653,0.2051486541074682
2025-06,3.5,0.40883529504631844,0.0,6510,99.81781946915538,0.0,88.98697916666667,-0.6368780940519535,103.11287991920253,-3.2950604500471457,1,0.004672135310170633,0.004672135310170633,0.20982078941763882
2022-01,4.0,0.6243465163184636,0.0,747,99.99921032380132,0.0,105.90438988095238,2.8814330718040764,85.52132408992237,14.477886233878948,-1,,,
2022-02,4.0,0.5948984099249323,0.004555808656036446,1756,99.99804670708778,5.332043894496508,104.80234375,2.602943086053442,86.91377401867555,13.084272688412227,-1,-0.010406047683114816,0.010406047683114816,0.010406047683114816
2022-03,4.0,0.563085367308315,0.0032168132103795838,4663,99.99516096148554,3.7926068423613235,103.0475543478261,2.1595031411352954,89.13097374326628,10.864187218219257,-1,-0.01674379922609237,0.01674379922609237,0.027149846909207187
2022-04,4.0,0.5167741570360886,0.0036625067824199676,7372,99.98378929778082,4.307548006485984,100.29203869047619,1.463177012311757,92.61260438738397,7.371184910396849,-1,-0.026740233427073434,0.026740233427073434,0.05389008033628062
2022-05,4.0,0.5040151479155229,0.0024827897528495657,8861,99.97783738743506,2.9389985127902585,99.62677556818181,1.2950632535092317,93.4531731813966,6.524664206038466,-1,-0.006633259538651237,0.006633259538651237,0.06052333987493186
2022-06,4.0,0.47784830391827704,0.002871794871794872,9750,99.9589266319805,3.3922399908070777,98.24573863636364,0.9460715510196341,95.19813169384459,4.760794938135916,-1,-0.013862106084854942,0.013862106084854942,0.0743854459597868
2022-07,4.0,0.48348219597607106,0.0031658092599920855,10108,99.96394018025467,3.733516700892514,99.0219494047619,1.1422220748129632,94.21737907487794,5.746561105376728,-1,0.007900706729593976,-0.007900706729593976,0.06648473923019282
2022-08,4.0,0.48455403853815177,0.00235271051857661,10201,99.96482794892665,2.7870049849145317,99.23165760869566,1.195215895203071,93.9524099729274,6.012417975999256,-1,0.0021177951473825285,-0.0021177951473825285,0.0643669440828103
2022-09,4.0,0.45667913616352585,0.002171767028627838,10130,99.93382764512249,2.575215314118362,95.41477272727273,0.23067894308775258,98.77509473350399,1.1587329116185003,0,-0.038464387005145095,0.038464387005145095,0.10283133108795539
2022-10,4.0,0.4291481797529915,0.0031431097141734602,10181,99.8802485770945,3.7072076616552763,91.61235119047619,-0.7302030834071422,103.57950486597846,-3.6992562888839586,1,-0.039851497080699794,-0.0,0.10283133108795539
2022-11,4.0,0.44487280056629547,0.0025393104795390174,10239,99.91435340877797,3.004973302664926,93.06214488636364,-0.36383636393040153,101.74767126859476,-1.8333178598167876,0,0.01582530823680206,0.01582530823680206,0.11865663932475745
2022-12,4.0,0.45750870163195584,0.002631066068992399,10262,99.9350299326112,3.111989062206577,95.06676136363636,0.1427355467288382,99.21481171529857,0.7202182173126346,0,0.02154062191152506,0.0,0.11865663932475745
2023-01,4.0,0.4685263850363738,0.001990049751243781,10050,99.9492097318335,2.3620943469023215,95.97052556818181,0.3711191627833587,98.07289363502596,1.8763160968075425,0,0.009506626623037029,0.0,0.11865663932475745
2023-02,4.0,0.46699650027242734,0.0016619415387623424,10229,99.94742724603786,1.9762009300410277,95.0390625,0.1357359702839462,99.24980959752303,0.6976176485148358,0,-0.009705720195520406,-0.0,0.11865663932475745
2023-03,4.0,0.46596092165995956,0.0020376479720551136,10306,99.94618833218595,2.41795958213058,94.75611413043478,0.064234165418222,99.60731862185165,0.3388697103343077,0,-0.0029771797208670847,-0.0,0.11865663932475745
2023-04,4.0,0.4654452284736829,0.0022860550641089356,10061,99.94556145290672,2.7090356494736456,95.620703125,0.2827181018107452,98.51489893988904,1.4306625130176798,0,0.009124361024082317,0.0,0.11865663932475745
2023-05,4.0,0.4529505086472208,0.0026690391459074734,10116,99.92816775782292,3.1562458916602143,94.84782608695652,0.08741002053676286,99.49143934625894,0.43672841156397624,0,-0.008082737448951272,-0.0,0.11865663932475745
2023-06,4.0,0.4399199235531149,0.0017816490151440166,10103,99.90472005735108,2.1171525373186006,94.29048295454545,-0.0534320700472643,100.19564979917908,-0.2909297418279948,0,-0.005876182464109259,-0.0,0.11865663932475745
2023-07,4.0,0.43110315678409644,0.002187966185977126,10055,99.88507823517679,2.59419323183252,93.51004464285714,-0.25065090526380995,101.18174397526181,-1.2966657400850181,0,-0.008276957411115782,-0.0,0.11865663932475745
2023-08,4.0,0.4186676525218082,0.002512057877813505,9952,99.85103169628718,2.9731673684522897,91.85563858695652,-0.6687237118307784,103.27210800809665,-3.421076311809472,1,-0.017692281745980254,-0.0,0.11865663932475745
2023-09,4.0,0.4155353429750545,0.0018270401948842874,9852,99.84110909066786,2.170550556710904,90.77752976190476,-0.9411646767719025,104.63431283280227,-4.793203742134409,1,-0.011736991235776428,-0.011736991235776428,0.10691964808898102
2023-10,4.0,0.4065132607853499,0.0017112945439903362,9934,99.80904447215231,2.0343349925809773,87.12428977272727,-1.8643481297644486,109.250230097765,-9.44118562561269,1,-0.040243879721770015,-0.040243879721770015,0.06667576836721101
2023-11,4.0,0.41276921122334714,0.0020094443886265446,9953,99.83184653800134,2.384861046428899,89.58842329545455,-1.2416550406476214,106.13676465218086,-6.3049181141795145,1,0.028282968264708108,0.028282968264708108,0.09495873663191912
2023-12,4.0,0.4289430314465506,0.0024542386747111156,9779,99.87973113106612,2.9056561403787207,93.44196428571429,-0.267854992423233,101.26776441105892,-1.388033279992797,0,0.04301382755170402,0.04301382755170402,0.13797256418362314
2024-01,4.0,0.4583048904669557,0.0010295480284155255,9713,99.93616498318562,1.2284857905936586,93.64504076086956,-0.21653702751789225,101.01117458653222,-1.0750096033466008,0,0.002173289877921869,0.0,0.13797256418362314
2024-02,4.0,0.46155482789608165,0.00215605749486653,9740,99.94061211658894,2.556807771491443,92.35714285714286,-0.5419922501111298,102.6384506994984,-2.697838582909469,1,-0.013752974992188416,-0.0,0.13797256418362314
2024-03,4.0,0.4628508916850314,0.002450479885644272,9794,99.94230498248876,2.90126578874772,92.61644345238095,-0.4764663006569261,102.31082095222739,-2.368515969738624,1,0.002807585717968575,0.002807585717968575,0.1407801499015917
2024-04,4.0,0.4580117451222473,0.0018488085456039441,9736,99.93574920533435,2.1961492908443625,90.51740056818181,-1.0069000152650587,104.96298952526804,-5.027240319933696,1,-0.02266382519080823,-0.02266382519080823,0.11811632471078348
2024-05,4.0,0.45292934061696205,0.0013388259526261586,9710,99.92813439621858,1.5948135771797989,90.9711277173913,-0.8922419589740501,104.38969924381301,-4.461564847594431,1,0.005012595880586668,0.005012595880586668,0.12312892059137015
2024-06,4.0,0.44347480149099494,0.0015250101667344449,9836,99.91172900973623,1.8147406296262103,92.04375,-0.6211874578876335,103.03442673838093,-3.1226977286446953,1,0.011790799009779196,0.011790799009779196,0.13491971960114935
2024-07,4.0,0.43347812237477773,0.0011434511434511435,9620,99.89070501611444,1.3635448071422918,92.44565217391305,-0.5196257105681563,102.52661800178353,-2.635912985669094,1,0.004366425465205825,0.004366425465205825,0.13928614506635517
2024-08,4.0,0.4289194107115785,0.0010532968190436064,9494,99.8796714210419,1.25665956477774,94.9442471590909,0.1117758816841196,99.36961004052216,0.510061380519744,0,0.02702771765271761,0.02702771765271761,0.16631386271907278
2024-09,4.0,0.42781367370359513,0.0014575741801145237,9605,99.87684566554431,1.7351350710778313,96.32403273809524,0.4604513639924496,97.6262326289805,2.2506130365638057,-1,0.014532587495188931,0.0,0.16631386271907278
2024-10,4.0,0.42746114976974525,0.001045696957021855,9563,99.87593206944406,1.2476444632271932,94.02072010869566,-0.12160185803230768,100.53649873910429,-0.660566669660227,0,-0.023912128302002067,0.023912128302002067,0.19022599102107485
2024-11,4.0,0.42760712370501375,0.0009742368478025547,9238,99.87631112444394,1.1628402088273093,92.5688244047619,-0.4884997605280006,102.37098825158276,-2.4946771271388144,1,-0.01544229508405437,-0.0,0.19022599102107485
2024-12,4.0,0.4340442545608902,0.000859106529209622,9312,99.89200847414945,1.0260705351994859,92.3828125,-0.5355054631493803,102.60601676468966,-2.7140082905402068,1,-0.0020094443886264912,-0.0020094443886264912,0.18821654663244836
2025-01,4.0,0.4381569359345106,0.0008648648648648649,9250,99.901058090743,1.032915300083137,90.9765625,-0.8908685749670237,104.38283232377788,-4.481774233034869,1,-0.015221987315010566,-0.015221987315010566,0.1729945593174378
2025-02,4.0,0.440852489176353,0.00032847914157451,9133,99.9066064786584,0.3934636186401663,92.06796875,-0.615067315406329,103.0038260259744,-3.0972195473160014,1,0.011996565049377406,0.011996565049377406,0.1849911243668152
2025-03,4.0,0.4426744408492937,0.00021630975556997622,9246,99.91019355089637,0.2592631158317982,93.09821428571429,-0.3547215308675458,101.70209710328048,-1.7919035523841131,0,0.011190053931914079,0.011190053931914079,0.19618117829872928
2025-04,4.0,0.43882357880116574,0.00021554046772281495,9279,99.9024577023782,0.25834216068251203,92.44673295454545,-0.5193525944303968,102.52525242109473,-2.622794718716534,1,-0.006997785469541551,-0.0,0.19618117829872928
2025-05,4.0,0.43290809704805594,0.00010886131069018071,9186,99.88937803805325,0.13055538602255723,91.5440340909091,-0.747466996006267,103.66582442897409,-3.776446390920839,1,-0.009764529635462593,-0.009764529635462593,0.18641664866326668
2025-06,4.0,0.4218256714381323,0.0,9053,99.86045777080922,0.0,91.95907738095238,-0.6425844537208875,103.14141171754719,-3.2809539467379665,1,0.0045338103587517775,0.0045338103587517775,0.19095045902201846
2022-01,4.5,0.6979923215472014,0.011363636363636364,88,99.99994242740317,12.81556335842884,106.88095238095238,2.853020965603573,85.66338462092489,14.336557806478282,-1,,,
2022-02,4.5,0.6606219683809408,0.00510204081632653,196,99.99976654417351,5.9535341219435045,105.95546875,2.5898386696600375,86.97929610064257,13.02047044353094,-1,-0.008659013700155982,0.008659013700155982,0.008659013700155982
2022-03,4.5,0.6073044897951348,0.0066844919786096255,748,99.99865515810266,7.732959483537016,104.45414402173913,2.1629028755240647,89.11397507132243,10.884680086780236,-1,-0.014169393481739179,0.014169393481739179,0.02282840718189516
2022-04,4.5,0.5345183146901402,0.002796420581655481,1788,99.98965260146335,3.3045709894409026,102.25,1.5361044483767714,92.2479672070589,7.741685394404442,-1,-0.02110154692647137,0.02110154692647137,0.04392995410836653
2022-05,4.5,0.5196553887969748,0.002623688155922039,2668,99.98491188190509,3.103388107651328,101.52911931818181,1.3311056492656366,93.27296120261457,6.711950679290524,-1,-0.00705017781729278,0.00705017781729278,0.05098013192565931
2022-06,4.5,0.49486239581448627,0.003582089552238806,3350,99.97239953485905,4.214823534840184,100.1044034090909,0.9259553132883628,95.29871288250094,4.673686652358114,-1,-0.01403258413604469,0.01403258413604469,0.065012716061704
2022-07,4.5,0.49836791899121363,0.002279202279202279,3510,99.9746122835501,2.7010164462670905,100.56287202380952,1.056331279544544,94.64683305122003,5.327779232330073,-1,0.004579904570681137,-0.004579904570681137,0.060432811491022864
2022-08,4.5,0.5048765354657734,0.0016478989288656962,3641,99.97829488440613,1.9596540324635647,100.6616847826087,1.084430932374192,94.5063347870718,5.471960097334332,-1,0.0009825968253551753,-0.0009825968253551753,0.05945021466566769
2022-09,4.5,0.47852928584525506,0.0020882276168102325,3831,99.95956484789535,2.477291952511862,97.53870738636364,0.19634136078691672,98.94678264500817,1.0127822028871805,0,-0.03102448963564952,0.03102448963564952,0.09047470430131721
2022-10,4.5,0.4454792350458181,0.0017889087656529517,3913,99.91546943650921,2.1256946759504736,94.3188244047619,-0.7193055155337532,103.52501702661152,-3.6095475901023093,1,-0.03301133537527168,-0.0,0.09047470430131721
2022-11,4.5,0.45775283310687037,0.0018018018018018018,3885,99.93537991881047,2.140863499393564,95.83416193181819,-0.2883848637123147,101.37041376750433,-1.4350338486938625,0,0.016066119744594598,0.016066119744594598,0.10654082404591181
2022-12,4.5,0.47961117210587256,0.0019699581383895593,4061,99.96056012129019,2.3385043589781107,97.55149147727273,0.19997680747066168,98.92860541158944,1.0319547097007415,0,0.017919805535278277,0.0,0.10654082404591181
2023-01,4.5,0.4883143378365015,0.0024224806201550387,4128,99.96778642130872,2.8685562790719543,98.26242897727273,0.40214803693888296,97.91774926424834,2.0500371570603733,-1,0.007287817840956556,0.0,0.10654082404591181
2023-02,4.5,0.4865862205707581,0.00244140625,4096,99.96645635560013,2.8906668248399714,97.35078125,0.1429002945358745,99.21398797626338,0.7524683793367473,0,-0.009277683614798415,0.009277683614798415,0.11581850766071022
2023-03,4.5,0.48414731002490713,0.0020273694880892043,3946,99.96449345664595,2.405898378565452,97.09680706521739,0.0706769652127079,99.57510462287922,0.3893888337667306,0,-0.0026088561542243482,-0.0,0.11581850766071022
2023-04,4.5,0.48509057347341966,0.0029069767441860465,4128,99.96526477541897,3.433135623368555,97.833984375,0.28031008071839714,98.52693904535077,1.4383257300682004,0,0.007592188992244342,0.0,0.11581850766071022
2023-05,4.5,0.47308964073772075,0.0017526289434151227,3994,99.95420259771943,2.0829994305693766,97.09782608695652,0.07096674719474408,99.57365571296904,0.38054688475038745,0,-0.007524566159155643,-0.0,0.11581850766071022
2023-06,4.5,0.45999811240468996,0.0030449124587668104,3941,99.93851865851,3.5933199490957746,96.60759943181819,-0.06844033934578828,100.27069114567169,-0.3321724871616851,0,-0.005048791254083307,-0.0,0.11581850766071022
2023-07,4.5,0.44839395557910566,0.00146163215590743,4105,99.92064976859425,1.7399270260738953,95.84412202380952,-0.2855524852774958,101.35625187533023,-1.4356021067359848,0,-0.007902871125035071,-0.0,0.11581850766071022
2023-08,4.5,0.43095288994613823,0.0009928021841648052,4029,99.8847134441246,1.1848787705717512,94.3515625,-0.7099956943965439,103.47846792092548,-3.593754476800882,1,-0.015572781014559611,-0.0,0.11581850766071022
2023-09,4.5,0.4330407431808974,0.0030635690579525147,3917,99.88968814044331,3.614967090878518,93.42522321428571,-0.9734213152107114,104.79559602499631,-4.905907884553002,1,-0.00981795384378814,-0.00981795384378814,0.10600055381692208
2023-10,4.5,0.419248978442314,0.0014851485148514852,4040,99.85280949717622,1.7676926475621468,89.96839488636364,-1.9564489837702965,109.71073436779423,-9.857924870618007,1,-0.03700101759450203,-0.03700101759450203,0.06899953622242005
2023-11,4.5,0.42631556120903663,0.0019851116625310174,4030,99.87292010787793,2.356296916595968,92.44176136363636,-1.2530910350958926,106.19394462442222,-6.321024516544284,1,0.027491503881966084,0.027491503881966084,0.09649104010438614
2023-12,4.5,0.4470686431694978,0.0022338049143708115,4029,99.91833148954416,2.647876653552972,96.00855654761905,-0.23879179274742854,101.1224484126799,-1.204116923135743,0,0.038584240838424266,0.038584240838424266,0.1350752809428104
2024-01,4.5,0.4709430641439035,0.0027575833542241163,3989,99.95191286005297,3.259370346759416,96.18410326086956,-0.18887109669895558,100.87284493243753,-0.9209320723845593,0,0.0018284486254456223,0.0,0.1350752809428104
2024-02,4.5,0.4746584189332755,0.0018363064008394543,3812,99.95581230764932,2.181448005321529,94.9609375,-0.5367060691380685,102.6120197946331,-2.6562074869837744,1,-0.012716922229363714,-0.0,0.1350752809428104
2024-03,4.5,0.4741496419393763,0.0025529742149604288,3917,99.95529603054564,3.0209163614599466,95.19754464285714,-0.4694214527373429,102.27559671262946,-2.3203006820838254,1,0.002491626021037696,0.002491626021037696,0.1375669069638481
2024-04,4.5,0.4754671033049977,0.00102880658436214,3888,99.95662167601992,1.2276060786783338,93.22727272727273,-1.0297130333058269,105.0770546154719,-5.120432939451973,1,-0.020696667366538413,-0.020696667366538413,0.11687023959730969
2024-05,4.5,0.46654087184446535,0.0015205271160669033,3946,99.94688541283861,1.8094503976190057,93.8101222826087,-0.8639665208525117,104.24832205320531,-4.301436640366703,1,0.006251921120132176,0.006251921120132176,0.12312216071744186
2024-06,4.5,0.4529615593132433,0.0007649158592554819,3922,99.92818516844358,0.9140472248753473,94.810546875,-0.5794730599871153,102.82585474887833,-2.8976695804347514,1,0.01066435655394904,0.01066435655394904,0.1337865172713909
2024-07,4.5,0.4462051059845778,0.0020709293295366298,3863,99.91678773052291,2.457003946563341,95.15047554347827,-0.4828066204790766,102.34252255133813,-2.4257348208152223,1,0.0035853465640951487,0.0035853465640951487,0.13737186383548605
2024-08,4.5,0.43844573471582937,0.0015511892450879006,3868,99.90166666620048,1.8456280809017733,97.35333806818181,0.1436273838726227,99.21035252957964,0.6913141366208464,0,0.023151355914106553,0.023151355914106553,0.1605232197495926
2024-09,4.5,0.43985071720360197,0.0013455328310010765,3716,99.90457868199161,1.6027438012381157,98.58519345238095,0.49393344811960277,97.45882220834474,2.445756473646867,-1,0.012653447828737008,0.0,0.1605232197495926
2024-10,4.5,0.4378447890304632,0.0013161358252171624,3799,99.90039643355978,1.5679803890979005,96.43308423913044,-0.11806769908777108,100.51882794438161,-0.6184315108218357,0,-0.021829943603955404,0.021829943603955404,0.182353163353548
2024-11,4.5,0.44066623911926467,0.0005198856251624642,3847,99.90623248536829,0.6220819828997248,95.11049107142857,-0.4941771134885531,102.39937501638552,-2.4931425310172273,1,-0.013715139136503796,-0.0,0.182353163353548
2024-12,4.5,0.4436427034385755,0.0002644802962179318,3781,99.91204805303934,0.3169150933683862,94.96519886363636,-0.5354942535768215,102.60596071682686,-2.693912663787515,1,-0.001527614947157585,-0.001527614947157585,0.18082554840639042
2025-01,4.5,0.45065936458726114,0.0008094981111710739,3706,99.92447326578178,0.9670844866926265,93.68240489130434,-0.9002858626012252,104.42991876194888,-4.505445496167098,1,-0.01350804281654816,-0.01350804281654816,0.16731750558984226
2025-02,4.5,0.4489176683713014,0.0005572582892170521,3589,99.92154911506209,0.6666642064878658,94.7953125,-0.5838053006185787,102.84751595203565,-2.925966836973558,1,0.011879579841987509,0.011879579841987509,0.17919708543182977
2025-03,4.5,0.45029150330783557,0.0008176614881439084,3669,99.92386411550372,0.9767932262473522,95.63058035714286,-0.3462779095133691,101.6598789965096,-1.736014881005886,0,0.008811278059164263,0.008811278059164263,0.18800836349099403
2025-04,4.5,0.45180597577308296,0.0002723311546840959,3672,99.92634341750353,0.3263083455864013,94.96661931818181,-0.5350903150564058,102.60394102422478,-2.6775976067212497,1,-0.006942978244839804,-0.0,0.18800836349099403
2025-05,4.5,0.44495329555852986,0.0002789400278940028,3585,99.91450231791859,0.33421498089477586,94.18892045454545,-0.7562466549841792,103.70972272386365,-3.7952204059450594,1,-0.008189181306230475,-0.008189181306230475,0.17981918218476356
2025-06,4.5,0.4327958067742945,0.0,3647,99.88911489959617,0.0,94.64434523809524,-0.6267362712717445,103.06217080530148,-3.1730559057053114,1,0.004835226705561135,0.004835226705561135,0.1846544088903247
2022-01,5.0,0.7319722874515652,0.0,19,99.99998625463112,0.0,108.99627976190476,3.042125592550008,84.71786148619272,15.282124768438408,-1,,,
2022-02,5.0,0.7057181304760691,0.0,43,99.99995781460922,0.0,108.25546875,2.8180992014895887,85.83799344149482,14.161964373114401,-1,-0.006796663276242176,0.006796663276242176,0.006796663276242176
2022-03,5.0,0.6677319455305499,0.004739336492890996,211,99.99981892309513,5.541276295512876,106.40964673913044,2.2599098158164708,88.6289403698604,11.370878553234732,-1,-0.017050612150894873,0.017050612150894873,0.02384727542713705
2022-04,5.0,0.5691747109514702,0.001310615989515072,763,99.99591102686941,1.5614516552804325,103.76934523809524,1.4614643188097771,92.62116785489387,7.374743171975538,-1,-0.024812614099810393,0.024812614099810393,0.04865988952694744
2022-05,5.0,0.5418060814580007,0.0026246719160104987,2286,99.99143767225169,3.104534986732743,103.2354403409091,1.3000077727217785,93.42845058533386,6.562987086917829,-1,-0.005145111939958036,0.005145111939958036,0.05380500146690548
2022-06,5.0,0.507590348097981,0.0025348542458808617,3945,99.97968023479828,2.9997731804583205,101.8135653409091,0.8700229052317308,95.5783749227841,4.401305312014173,-1,-0.013773128639783194,0.013773128639783194,0.06757813010668867
2022-07,5.0,0.5199066005125765,0.003790901835594573,5012,99.98500629983249,4.455422392947805,101.87574404761905,0.8888261776469456,95.48435856070803,4.50064773912446,-1,0.000610711416516585,-0.000610711416516585,0.06696741869017209
2022-08,5.0,0.5327204966082293,0.0018707482993197278,5880,99.98916270787545,2.221943375246749,101.7961956521739,0.8647701908165095,95.60463849486021,4.38452421301524,-1,-0.0007808374426002684,0.0007808374426002684,0.06774825613277236
2022-09,5.0,0.48740773089804795,0.001580005745475438,6962,99.96709479334821,1.8796170028426373,99.37855113636364,0.13365771133081786,99.26020089228867,0.7068939010595443,0,-0.0237498513605664,0.0237498513605664,0.09149810749333875
2022-10,5.0,0.4580165141305357,0.0023784355179704017,7568,99.93575598919524,2.8170811406186713,96.7124255952381,-0.6725971546121772,103.29147522200364,-3.355719232808397,1,-0.02682797757301958,-0.0,0.09149810749333875
2022-11,5.0,0.4731007574066162,0.002844774273345702,8085,99.95421419108766,3.3608202968978707,98.22798295454545,-0.21428209153325822,100.99989990660904,-1.0456857155213868,0,0.0156707615384426,0.0156707615384426,0.10716886903178136
2022-12,5.0,0.49137567308314417,0.0022159300750954083,8123,99.97002456200035,2.626945998210284,99.57066761363636,0.1917550673028724,98.96971411242839,1.0003104495719555,0,0.013669064748201398,0.0,0.10716886903178136
2023-01,5.0,0.5010926033002949,0.002773757838880849,8292,99.97621849621923,3.2781973468390735,100.02166193181819,0.3281388789193488,98.287795054346,1.6884234418732262,0,0.004529389317060817,0.0,0.10716886903178136
2023-02,5.0,0.5004195601285399,0.002206423142927188,8158,99.97583064210744,2.6158121159148617,99.061328125,0.03772727123869478,99.73985309274929,0.23597754935815374,0,-0.009601258250166,-0.0,0.10716886903178136
2023-03,5.0,0.4976146721638679,0.0029659508838533635,8429,99.9741510225234,3.5016519450367323,98.9147418478261,-0.006601436254216312,99.96149663021384,0.012654392309556783,0,-0.0014797527950457523,-0.0,0.10716886903178136
2023-04,5.0,0.49800816524962443,0.0023837902264600714,8390,99.9743929330366,2.8233404781119797,99.50703125,0.17251098931730416,99.06593450235623,0.9084584306803691,0,0.005987877955392129,0.0,0.10716886903178136
2023-05,5.0,0.48879561357106516,0.0022392457277548615,8485,99.96814813546872,2.6542467893965416,98.8203125,-0.03515752635508613,100.10427708071819,-0.1361289452494674,0,-0.006901208300292838,-0.0,0.10716886903178136
2023-06,5.0,0.4710189378936419,0.002186169600736394,8691,99.95199555077768,2.5920886322261194,98.40696022727273,-0.1601581221988443,100.72928005993698,-0.7772845091593013,0,-0.004182867492219966,-0.0,0.10716886903178136
2023-07,5.0,0.4607147256338526,0.001148105625717566,8710,99.93949061483043,1.3690601921003354,97.72730654761905,-0.3656901115685231,101.75694000678537,-1.8174493919549377,0,-0.0069065610611689365,-0.0,0.10716886903178136
2023-08,5.0,0.4450587879130995,0.0020512820512820513,8775,99.9146971108139,2.4339562734119635,96.49048913043478,-0.7397122817574364,103.62705085772994,-3.712353746916037,1,-0.012655801749551054,-0.0,0.10716886903178136
2023-09,5.0,0.44264915659080994,0.0025,8800,99.91014464757008,2.959091824118054,95.7436755952381,-0.9655538775174844,104.75625883653018,-4.846114188960101,1,-0.007739763182121995,-0.007739763182121995,0.09942910584965936
2023-10,5.0,0.4279708505425396,0.0021647487752079297,8777,99.87725101163188,2.5669921158939957,92.65802556818181,-1.8986758594107311,109.4218687459964,-9.544617734364522,1,-0.032228238657778796,-0.032228238657778796,0.06720086719188056
2023-11,5.0,0.436305393796301,0.001805665274799684,8861,99.89707365503624,2.1454085055933714,95.15482954545455,-1.1436250094300786,105.64661449609315,-5.749540841056913,1,0.026946440548050177,0.026946440548050177,0.09414730773993074
2023-12,5.0,0.4588688601889643,0.0019390897684498688,8767,99.93695795138143,2.302250972665365,98.19940476190476,-0.22292433531398007,101.04311112551265,-1.1061531741312223,0,0.031996013560150915,0.031996013560150915,0.12614332130008166
2024-01,5.0,0.4779638859326932,0.00198482194979568,8565,99.95903560185708,2.3559567773478673,98.38586956521739,-0.16653608476879175,100.76116987278671,-0.8021342709296277,0,0.001898838427429661,0.0,0.12614332130008166
2024-02,5.0,0.4823059434732498,0.0014251781472684087,8420,99.96294232670184,1.696871780787368,97.25669642857143,-0.5080058774960249,102.46851883642287,-2.5055765097210383,1,-0.01147698487227844,-0.0,0.12614332130008166
2024-03,5.0,0.4822364340168064,0.0016275284817484307,8602,99.96288257492195,1.93564627225693,97.50706845238095,-0.4322916399709606,102.08994764879756,-2.127065073875613,1,0.0025743422612900524,0.0025743422612900524,0.1287176635613717
2024-04,5.0,0.4805650137260731,0.0015179822512844466,8564,99.96141892046079,1.806447209094908,95.77308238636364,-0.9566610598046601,104.71179474796605,-4.750375827505266,1,-0.017783183245470346,-0.017783183245470346,0.11093448031590136
2024-05,5.0,0.47204087902941794,0.0025569502556950256,8604,99.95309668211146,3.0255552163357846,96.36413043478261,-0.7779240282233455,103.81810959005948,-3.8650129079480138,1,0.00617133785080215,0.00617133785080215,0.11710581816670351
2024-06,5.0,0.46246360903664735,0.001264367816091954,8700,99.9418038233594,1.5067347891597027,97.150390625,-0.5401534902341942,102.62925690011373,-2.6874530767543376,1,0.00815926202695838,0.00815926202695838,0.1252650801936619
2024-07,5.0,0.45324450755990975,0.0010730893048765948,8387,99.92862964559993,1.280134249055298,97.4836956521739,-0.43935973695550307,102.12528813372028,-2.196658488120349,1,0.003430815100481377,0.003430815100481377,0.12869589529414327
2024-08,5.0,0.4487066504186265,0.0014186074004019387,8459,99.92118787421298,1.6891093377388477,99.27947443181819,0.10369622830641184,99.41000830741069,0.5111795668022836,0,0.01842132438281463,0.01842132438281463,0.1471172196769579
2024-09,5.0,0.4464182588690602,0.0014196143381048148,8453,99.91717125379196,1.6902989340297103,100.15364583333333,0.3680517266758729,98.08823081556339,1.828940438228571,0,0.00880515742572241,0.0,0.1471172196769579
2024-10,5.0,0.44786580933647624,0.0015566997964315652,8351,99.91973324652045,1.8521285838650536,98.42323369565217,-0.15523691242672208,100.70467401107636,-0.7849407645559126,0,-0.017277575102565446,-0.0,0.1471172196769579
2024-11,5.0,0.44970817829441667,0.001194885888397658,8369,99.92288893490584,1.4244773322990234,97.30989583333333,-0.49191800830422244,102.38807949046387,-2.4651905555580242,1,-0.01131173830115706,-0.0,0.1471172196769579
2024-12,5.0,0.45153685516025716,0.0007216742843396681,8314,99.92590832816771,0.8625800257706429,97.23686079545455,-0.5140043106053661,102.49851100196959,-2.5726026738018817,1,-0.0007505407055812263,-0.0007505407055812263,0.14636667897137667
2025-01,5.0,0.4589705534355954,0.0006097560975609756,8200,99.93709997229845,0.729258401341415,96.16542119565217,-0.838015081133446,104.11856485460999,-4.181464882311531,1,-0.011018862507873761,-0.011018862507873761,0.1353478164635029
2025-02,5.0,0.46087924373533257,0.0007385524372230429,8124,99.93971175648494,0.8826717386339,97.130859375,-0.54605987577664,102.65878882782596,-2.719077071341019,1,0.010039348524077063,0.010039348524077063,0.14538716498757998
2025-03,5.0,0.46074035555343335,0.0006122948812147931,8166,99.93952511483482,0.7322845275182566,97.90587797619048,-0.31168887232330456,101.48693381055928,-1.5474086957244566,0,0.007979118131739238,0.007979118131739238,0.1533662831193192
2025-04,5.0,0.4563827235633492,0.0005034612964128383,7945,99.93339313323968,0.6024834363972609,97.33806818181819,-0.4833984946126917,102.34548192200621,-2.412088788766539,1,-0.005799547546168515,-0.0,0.1533662831193192
2025-05,5.0,0.45035145665485515,0.00012214486380847684,8187,99.92396369986258,0.14647540882308796,96.6416903409091,-0.6939879864078932,103.39842938098222,-3.4744656811196393,1,-0.00715421883664602,-0.00715421883664602,0.1462120642826732
2025-06,5.0,0.4408894295949237,0.0,8148,99.90668049295451,0.0,97.08296130952381,-0.5605445831783519,102.73121236483452,-2.824531871880012,1,0.004566051846341956,0.004566051846341956,0.15077811612901515
2022-03,5.5,0.7216270395481544,0.0,5,99.99997834667585,0.0,106.63790760869566,3.0665129399385846,84.59592474924983,15.404053597426014,-1,,,
2022-04,5.5,0.6284696075521045,0.0,40,99.99930827709649,0.0,104.64583333333333,2.125926445932751,89.298857219279,10.700451057817489,-1,-0.018680732959166613,0.018680732959166613,0.018680732959166613
2022-05,5.5,0.5926179703449274,0.004629629629629629,432,99.99791059605178,5.416255116420654,104.32848011363636,1.976083563080432,90.04807163354059,9.949838962511194,-1,-0.0030326407615876017,0.0030326407615876017,0.021713373720754214
2022-06,5.5,0.5374073841821391,0.0018575851393188853,1615,99.99039749919521,2.2064684868691398,103.39240056818181,1.5341001548013786,92.25798867493586,7.732408824259352,-1,-0.008972425788576155,0.008972425788576155,0.03068579950933037
2022-07,5.5,0.5587316255139609,0.0029229082937522835,2737,99.99454953400611,3.4516493374471158,103.18489583333333,1.4361238125260654,92.74787038631243,7.246679147693683,-1,-0.002006963120192218,0.002006963120192218,0.03269276262952259
2022-08,5.5,0.5796487627795304,0.0018954779312212293,3693,99.9969566776169,2.2510099820846063,102.84341032608695,1.2748865233410267,93.55405683223762,6.442899845379273,-1,-0.003309452458991169,0.003309452458991169,0.036002215088513756
2022-09,5.5,0.5031685592541967,0.0035797009896820385,4749,99.97737915335823,4.2120681620186335,101.04154829545455,0.42411147391848,97.80793207935035,2.169447074007877,-1,-0.01752044224242677,0.01752044224242677,0.053522657330940526
2022-10,5.5,0.4681042099023577,0.0032298582451103534,5573,99.94872346912238,3.8077147029632163,98.85491071428571,-0.60834088068005,102.970193852343,-3.021470383220617,1,-0.02164097460952319,0.02164097460952319,0.07516363194046372
2022-11,5.5,0.47917126079001265,0.0026582488785512545,6019,99.9601581692817,3.143671945119575,100.05504261363636,-0.04168135923751962,100.13689624513036,-0.17673807584866097,0,0.012140336688172493,0.012140336688172493,0.08730396862863621
2022-12,5.5,0.5043692254403455,0.001986754966887417,6040,99.97802650316468,2.358226228930649,101.0575284090909,0.4316567141963831,97.77020587796083,2.2078206252038513,-1,0.010019343046263618,0.0,0.08730396862863621
2023-01,5.5,0.5172196394676691,0.0029013539651837525,6204,99.98396772562887,3.4266007348608185,101.28444602272727,0.5387991261426311,97.2344938182296,2.7494739073992776,-1,0.0022454300754097822,-0.0022454300754097822,0.08505853855322643
2023-02,5.5,0.5149624403870029,0.0033610755441741357,6248,99.98304474046975,3.959560628460923,100.4625,0.15070550064844282,99.17496194570055,0.8080827947692057,0,-0.00811522454832625,0.00811522454832625,0.09317376310155268
2023-03,5.5,0.5099996233995318,0.0026389320086929527,6442,99.98084170016834,3.121158173076921,100.32302989130434,0.08485268472730724,99.50422602530622,0.4766156748621171,0,-0.0013882802906125535,-0.0,0.09317376310155268
2023-04,5.5,0.5129734435124033,0.001970294028493483,6598,99.98219132059215,2.3388987775967096,100.817578125,0.31836073962348616,98.33668575082532,1.6455055697668257,0,0.004929558389848099,0.0,0.09317376310155268
2023-05,5.5,0.493866963779041,0.002050380785002929,6828,99.97173973531872,2.432898903384173,100.25815217391305,0.05421973820773897,99.65739075790407,0.31434897741465306,0,-0.005548892975720365,-0.0,0.09317376310155268
2023-06,5.5,0.4758089820841586,0.0014289797084881394,6998,99.9569597386544,1.7013625513591868,99.92826704545455,-0.10154026544222956,100.43619077615391,-0.4792310374995026,0,-0.0032903571560571887,-0.0,0.09317376310155268
2023-07,5.5,0.47127282451049995,0.00360760371860691,7207,99.95227130128168,4.2442513653242475,99.3296130952381,-0.3842033303294122,101.84950610058982,-1.897234799308137,0,-0.005990836906479502,-0.0,0.09317376310155268
2023-08,5.5,0.4622055313118122,0.002650669642857143,7168,99.94146764831112,3.134838933305162,98.33016304347827,-0.8561080337560705,104.2090296177231,-4.267561969411986,1,-0.010061954543219231,-0.0,0.09317376310155268
2023-09,5.5,0.45711481596524617,0.0029540019693346463,7109,99.93446159421323,3.4877732633333713,97.78980654761905,-1.11124511786959,105.4847150382907,-5.55025344407747,1,-0.005495327976017816,-0.005495327976017816,0.08767843512553486
2023-10,5.5,0.4426274054702999,0.002628666297731046,7228,99.91010255830041,3.1091915560891414,95.18536931818181,-2.3409675799244134,111.63332734856482,-11.72322479026441,1,-0.026633013412998174,-0.026633013412998174,0.061045421712536685
2023-11,5.5,0.45481377879619045,0.0025846823561420213,7351,99.93104933587476,3.057904658326094,97.57421875,-1.213037994380713,105.99367942084632,-6.062630084971559,1,0.025096813185993216,0.025096813185993216,0.0861422348985299
2023-12,5.5,0.4700646780104517,0.0014104372355430183,7090,99.95094600164488,1.6794566163611635,99.96056547619048,-0.08629009726148856,100.3599399352502,-0.40899393360531633,0,0.02445673413286209,0.02445673413286209,0.11059896903139199
2024-01,5.5,0.48927487548018733,0.001810837163950411,7179,99.96850463281926,2.1514924352734166,100.01664402173913,-0.05981180616616703,100.22754847977359,-0.25904384695432725,0,0.0005610066858015017,0.0,0.11059896903139199
2024-02,5.5,0.4944041465727585,0.0023936919177696423,7102,99.97209756906607,2.834913996072652,99.0922619047619,-0.49627210550473444,102.40984997646643,-2.4377524074003674,1,-0.009242282882200192,-0.0,0.11059896903139199
2024-03,5.5,0.4960634597799922,0.0012858979854264896,6999,99.97317682395081,1.532210903559661,99.38355654761905,-0.35873315415320567,101.72215521970878,-1.7489783957579732,0,0.002939630575161445,0.002939630575161445,0.11353859960655344
2024-04,5.5,0.4910431888553536,0.0007098239636570131,7044,99.9697885779108,0.8484712016310958,97.96484375,-1.0285987875874816,105.07148338688016,-5.101694808969356,1,-0.014275126056082388,-0.0,0.11353859960655344
2024-05,5.5,0.48521201527626673,0.002275636467074385,7031,99.96536295596434,2.6968434545879383,98.46059782608695,-0.7945213768790297,103.9010963333379,-3.935733377373566,1,0.005060530462867696,0.005060530462867696,0.11859913006942113
2024-06,5.5,0.47624997325210777,0.0009992862241256246,7005,99.95739224048788,1.1925747910741302,99.033203125,-0.5241575570079936,102.54927723398272,-2.591884993494844,1,0.005815578125215604,0.005815578125215604,0.12441470819463674
2024-07,5.5,0.4662429535625347,0.002255109231853418,7095,99.94652836578378,2.6728176909153523,99.34069293478261,-0.3789718248779301,101.82334857333241,-1.8768202075486329,0,0.0031049163318941364,0.0031049163318941364,0.12751962452653087
2024-08,5.5,0.45810520776874936,0.0022958817620892524,6969,99.93588203530811,2.7205339007264073,100.66335227272727,0.24554078734139317,98.7007855122358,1.2350965230723148,0,0.013314376001111405,0.0,0.12751962452653087
2024-09,5.5,0.4581893143906141,0.0012921751615218953,6965,99.93600135317658,1.5396373926906737,101.31287202380952,0.5522208710179313,97.1673850938531,2.7686162593234798,-1,0.006452395399295874,0.0,0.12751962452653087
2024-10,5.5,0.4588799991525395,0.001451378809869376,6890,99.9369735219565,1.7278187109981635,100.02989130434783,-0.053556911327089014,100.1962740055782,-0.25930048362170055,0,-0.012663550976623972,0.012663550976623972,0.14018317550315484
2024-11,5.5,0.46107882732491307,0.001590974833670813,6914,99.93997903778373,1.8925521536774847,99.22098214285714,-0.43549499545667786,102.10596442622615,-2.1659853884424223,1,-0.00808667440244959,-0.0,0.14018317550315484
2024-12,5.5,0.4654452022918376,0.0007429420505200594,6730,99.9455614209107,0.8878965121660309,99.22514204545455,-0.43353083767004613,102.09614363729298,-2.1505822163822756,1,4.192563415084116e-05,4.192563415084116e-05,0.14022510113730569
2025-01,5.5,0.47046963561949096,0.001174915552944632,6809,99.95139393960815,1.4008234355731286,98.4008152173913,-0.8227485946143434,104.04223242201448,-4.090838482406326,1,-0.008307640695395802,-0.008307640695395802,0.13191746044190988
2025-02,5.5,0.4711419432595026,0.0009015777610818933,6655,99.95212933081518,1.0765446429039538,99.187890625,-0.4511196311178767,102.18408760453214,-2.2319582737169554,1,0.007998667550363825,0.007998667550363825,0.1399161279922737
2025-03,5.5,0.4709064961548711,0.0,6741,99.95187295995468,0.0,99.7827380952381,-0.17025385044926375,100.77975870118908,-0.8278857412343967,0,0.005997178349996801,0.005997178349996801,0.1459133063422705
2025-04,5.5,0.4713103381563999,0.00029416090601559053,6799,99.95231192213237,0.3524225446198459,99.30610795454545,-0.3953016202619957,101.90499755025273,-1.9526856281203635,0,-0.004776679311382814,-0.0,0.1459133063422705
2025-05,5.5,0.46235482594661564,0.0003045994517209869,6566,99.94166233761975,0.3649076099295323,98.8231534090909,-0.6233355486609006,103.04516719224726,-3.1035048546275164,1,-0.004863291447043783,-0.0,0.1459133063422705
2025-06,5.5,0.44979553496128816,0.0,6560,99.92303569966813,0.0,99.20238095238095,-0.4442778148277838,102.14987852308167,-2.2268428234135342,1,0.003837436169641162,0.003837436169641162,0.14975074251191167
2022-04,6.0,0.6803570503281978,0.0,17,99.9998862421026,0.0,105.11197916666667,2.4761777074664746,87.54760091161039,12.452285330492217,-1,,,
2022-05,6.0,0.6513071897731951,0.008733624454148471,229,99.99967691565722,9.991298128805804,104.68181818181819,2.18962768624343,88.98035101772561,11.019325897931608,-1,-0.004092406862270304,0.004092406862270304,0.004092406862270304
2022-06,6.0,0.5792962355395199,0.002107481559536354,949,99.9969259085908,2.4998690673478485,104.34019886363636,1.9620593424763053,90.11819273656123,9.87873317202957,-1,-0.003263406426400439,0.003263406426400439,0.007355813288670743
2022-07,6.0,0.615853514916454,0.005470459518599562,1828,99.99896732808648,6.370597945745571,104.35677083333333,1.973098693871799,90.06299597958376,9.935971348502719,-1,0.00015882631888231025,-0.00015882631888231025,0.0071969869697884326
2022-08,6.0,0.6480167603798193,0.002956636005256242,3044,99.99963837053394,3.4908328571194303,103.65964673913044,1.5087122640813422,92.38492812853605,7.614710241997898,-1,-0.006680199939458231,0.006680199939458231,0.013877186909246664
2022-09,6.0,0.5421221375326107,0.00257201646090535,3888,99.99150827814312,3.0431311432683072,102.70383522727273,0.8720022446812169,95.56847822553667,4.42303005260645,-1,-0.009220671128304159,0.009220671128304159,0.023097858037550822
2022-10,6.0,0.48739516784069786,0.004396064475612309,4777,99.96708511441034,5.1495805101892,100.79092261904762,-0.4022768456872633,101.93987367737907,-1.9727885629687307,0,-0.018625522639851178,0.018625522639851178,0.041723380677402
2022-11,6.0,0.5054948466268699,0.0018716077110237693,5343,99.97861792432315,2.2229536396970784,101.37961647727273,-0.010120784328746206,99.97909337058648,-0.0004754462633371759,0,0.005840742826118905,0.0,0.041723380677402
2022-12,6.0,0.5333786541762321,0.0032079843165211193,5611,99.98934446590303,3.7823805915053077,102.11576704545455,0.4802629751611011,97.52717457313724,2.462169892765786,-1,0.0072613272150900965,0.0,0.041723380677402
2023-01,6.0,0.5563217405750241,0.002859866539561487,6294,99.99418140965871,3.3783708180202487,102.26207386363636,0.5777246774813188,97.03986606153616,2.954315348122549,-1,0.0014327544356269595,-0.0014327544356269595,0.04029062624177504
2023-02,6.0,0.5408589385675565,0.0042230959662152324,6867,99.99122284825913,4.951648533237019,101.753125,0.23869042562369577,98.73503732082428,1.2561855274348517,0,-0.004976907316734391,0.004976907316734391,0.04526753355850943
2023-03,6.0,0.5355586738311969,0.0036662452591656133,7910,99.98992673457036,4.311856626320532,101.52241847826087,0.08500619802242688,99.50345845883062,0.48646827573973894,0,-0.0022673163280156894,-0.0,0.04526753355850943
2023-04,6.0,0.5386866599107293,0.002775850104094379,8646,99.9907113593274,3.2806324852579394,101.9140625,0.345898298175941,98.19899795806305,1.79171340126436,0,0.003857709731599712,0.0,0.04526753355850943
2023-05,6.0,0.521275990955969,0.002673510854454069,9351,99.98551153066204,3.1614563549565378,101.45142663043478,0.037715262261724475,99.73991313763413,0.24559839302790465,0,-0.004539470395120593,-0.0,0.04526753355850943
2023-06,6.0,0.5042727060442397,0.002107683464265185,10438,99.97797509856673,2.50010579483374,101.1885653409091,-0.1373887354168046,100.61543312602677,-0.6374580274600419,0,-0.0025910063392526883,-0.0,0.04526753355850943
2023-07,6.0,0.49310262562204044,0.002108930863744728,10906,99.9712233324118,2.501568323154013,100.6889880952381,-0.4701801214138308,102.2793900560119,-2.3081667236001095,1,-0.004937091893613577,-0.0,0.04526753355850943
2023-08,6.0,0.4757191450562042,0.0017272648760687452,11579,99.95687113913736,2.0531400521722976,99.90964673913044,-0.9893352516990843,104.87516570743817,-4.918294568300809,1,-0.007740085294833943,-0.007740085294833943,0.03752744826367549
2023-09,6.0,0.47131803844591613,0.0017872340425531914,11750,99.95232025630536,2.1237241844508925,99.51674107142857,-1.2510677922694045,106.18382841028978,-6.2315081539844215,1,-0.00393260991831712,-0.00393260991831712,0.03359483834535837
2023-10,6.0,0.46071059511235124,0.002890910636850608,11761,99.93948505311701,3.414462247011363,97.47194602272727,-2.613199843386313,112.99448866587431,-13.055003612757304,1,-0.020547246892195226,-0.020547246892195226,0.013047591453163143
2023-11,6.0,0.46719806193351743,0.0015133680847486128,11894,99.94766532266215,1.8010018280483209,99.52698863636364,-1.2442414178350438,106.14969653811798,-6.202031215455833,1,0.021083426539542094,0.021083426539542094,0.03413101799270524
2023-12,6.0,0.49371444714692003,0.002243083824873307,12037,99.97163737540802,2.6587402259084847,101.2563244047619,-0.09225130578237646,100.38974597785464,-0.4181086024466225,0,0.017375545991013874,0.017375545991013874,0.05150656398371911
2024-01,6.0,0.5086636844907618,0.0017085255424568598,11706,99.98020541608516,2.0310741577518665,101.24966032608695,-0.09669055516341928,100.41194222475985,-0.43173680867469955,0,-6.581395003346646e-05,-0.0,0.05150656398371911
2024-02,6.0,0.5118374708670925,0.0022666218938885156,11912,99.98168641855496,2.6862931657805067,100.54166666666667,-0.5683177023909203,102.77007796089735,-2.7883915423423957,1,-0.006992553428229797,-0.0,0.05150656398371911
2024-03,6.0,0.5125035809423,0.0022649106618572268,11921,99.98198405037472,2.684290291183933,100.81956845238095,-0.38319453827505484,101.84446214031803,-1.862478089943309,0,0.0027640459416256036,0.0027640459416256036,0.054270609925344715
2024-04,6.0,0.5094003824546465,0.0021206209178047334,11789,99.98055864799313,2.515273488444836,99.8114346590909,-1.0547588363823852,105.20228363085468,-5.221724982861545,1,-0.00999938611883866,-0.0,0.054270609925344715
2024-05,6.0,0.504006379358697,0.0018772932844099326,11719,99.97783268520213,2.2296369621311207,100.1640625,-0.8198572091882581,104.02777549488405,-4.049942809681923,1,0.0035329403100305967,0.0035329403100305967,0.05780355023537531
2024-06,6.0,0.49311475622347245,0.0016118086189345097,11788,99.97123159520487,1.9171158130815713,100.571875,-0.5481945418471329,102.66946215817842,-2.6982305629735492,1,0.004071445285079189,0.004071445285079189,0.0618749955204545
2024-07,6.0,0.4845988325312588,0.0018888984287799434,11647,99.96486461023925,2.2432773686468566,100.81895380434783,-0.3836039836063128,101.84650936697432,-1.8816447567350707,0,0.0024567385697822353,0.0024567385697822353,0.06433173409023674
2024-08,6.0,0.4779565466399914,0.0012153832797985936,11519,99.95902869031326,1.448750091797868,101.78089488636364,0.25718922446215,98.64254332663201,1.3164853636812524,0,0.009541272208424045,0.0,0.06433173409023674
2024-09,6.0,0.47839199026757556,0.001997221257381035,11516,99.9594369109617,2.370513299035082,102.25855654761905,0.5753816314708514,97.0515812915885,2.907855619373194,-1,0.004693038529369531,0.0,0.06433173409023674
2024-10,6.0,0.48016470862880534,0.0017392816766675363,11499,99.96106061191048,2.06728764836841,101.38586956521739,-0.005955314780451049,99.95826602284501,0.002794589065473474,0,-0.008534121856054844,0.008534121856054844,0.07286585594629158
2024-11,6.0,0.48028313958631497,0.0014745424581490156,11529,99.96116693454674,1.755171031630831,100.77120535714286,-0.4154114209190435,102.00554655353797,-2.044379618991229,1,-0.006062622046942523,-0.0,0.07286585594629158
2024-12,6.0,0.48424203428821677,0.0011355695317959468,11448,99.96457161701666,1.3542047515526456,100.83345170454545,-0.37394626532025665,101.79822077554404,-1.833649158527379,0,0.0006176997405358264,0.0006176997405358264,0.0734835556868274
2025-01,6.0,0.48700640850472937,0.0008,11250,99.96678431009613,0.9557872437507609,100.35461956521739,-0.6929183816200684,103.3930813570431,-3.4262970469469707,1,-0.004748742914515103,-0.0,0.0734835556868274
2025-02,6.0,0.4896822111204589,0.0008100081000810009,11111,99.9688047486617,0.9676910442620978,100.97421875,-0.2801748604665247,101.32936375127538,-1.3605590026136838,0,0.006174097290857272,0.006174097290857272,0.07965765297768468
2025-03,6.0,0.4888575888039565,0.0010823486966717777,11087,99.96819444284137,1.2911145036296645,101.44196428571429,0.03141195913573061,99.77142965326411,0.19676478957725863,0,0.004632326365132444,0.0,0.07965765297768468
2025-04,6.0,0.48637333096337027,0.0005372011818426001,11169,99.96628906593004,0.6427401629895413,101.11789772727273,-0.1844636838675885,100.8508078682807,-0.8845188023506552,0,-0.0031946005849099457,-0.0,0.07965765297768468
2025-05,6.0,0.4797294913724754,0.0,10923,99.96066759476739,0.0,100.7890625,-0.403515956558187,101.94606923173369,-1.9854016369663015,0,-0.003251998258108957,-0.0,0.07965765297768468
2025-06,6.0,0.46786763916626306,0.0,10980,99.94844912414803,0.0,101.10974702380952,-0.18989324241109462,100.87795566099823,-0.929506536850198,0,0.00318173932622412,0.0,0.07965765297768468
2022-06,7.0,0.69888495538932,0.0,6,99.99994443651767,0.0,104.27911931818181,0.9282267105867281,95.28735589600912,4.712588540508548,-1,,,
2022-07,7.0,0.6758191298446578,0.0,21,99.99986527487236,0.0,105.90141369047619,2.800680013009193,85.92508938389679,14.074775890975573,-1,0.015557231235760138,-0.015557231235760138,-0.015557231235760138
2022-08,7.0,0.7387831647913481,0.0,119,99.9999899071467,0.0,104.56148097826087,1.2541287367059375,93.65784576541307,6.342144141733627,-1,-0.012652642354063492,0.012652642354063492,-0.002904588881696646
2022-09,7.0,0.6695072290819316,0.004424778761061947,226,99.9998301976987,5.182402357558036,103.88991477272727,0.4790065512247006,97.53345669281926,2.466373504879442,-1,-0.006422692173547517,0.006422692173547517,0.0035181032918508715
2022-10,7.0,0.5563096923791083,0.005194805194805195,385,99.9941795133119,6.058706991210839,102.8891369047619,-0.6760919659530642,103.30894927870807,-3.3147697653961643,1,-0.009633060823610262,0.009633060823610262,0.013151164115461134
2022-11,7.0,0.6068237396791532,0.006795016987542469,883,99.99863526776086,7.8560814144908235,103.62073863636364,0.168323265826523,99.08687311981014,0.911762147950725,0,0.007110582842957847,0.007110582842957847,0.02026174695841898
2022-12,7.0,0.6576758710495557,0.004784688995215311,1672,99.99974102959193,5.59291542247633,103.81427556818181,0.3917037282829945,97.96997080752779,2.029770222064144,-1,0.001867743217864426,0.0,0.02026174695841898
2023-01,7.0,0.6849736308394074,0.005059797608095676,2174,99.99990446491526,5.905604555222088,103.453125,-0.025136510833040165,100.05417200310795,-0.05426753819268981,0,-0.0034788141246010484,0.0034788141246010484,0.02374056108302003
2023-02,7.0,0.6602201920777843,0.005638340716874748,2483,99.99976320594318,6.560082885697593,103.3265625,-0.1712150371073406,100.78456463447947,-0.7848014285362837,0,-0.0012233801540553202,-0.0,0.02374056108302003
2023-03,7.0,0.64739438605503,0.00404263138552003,2721,99.99963062230175,4.744735094838825,103.14979619565217,-0.3752388295741707,101.8046835968136,-1.8050529745118524,0,-0.0017107537507388137,-0.0,0.02374056108302003
2023-04,7.0,0.657437508481416,0.004516711833785004,3321,99.99973885741188,5.28741638954161,103.539453125,0.07450347159478952,99.55597209096881,0.4437667664430762,0,0.003777583123952377,0.0,0.02374056108302003
2023-05,7.0,0.621191075257091,0.0034318901795142554,3788,99.99912694334085,4.0414166909267575,103.2180706521739,-0.29643640396726995,101.4106714687791,-1.411544525438245,0,-0.0031039614671143356,-0.0,0.02374056108302003
2023-06,7.0,0.5898678516500778,0.002360717658168083,4236,99.99773490847396,2.796367375844311,103.07421875,-0.4624703703579323,102.24084130073241,-2.243106392258454,1,-0.0013936697446967905,-0.0,0.02374056108302003
2023-07,7.0,0.5748719265034186,0.00471976401179941,5085,99.9965147220666,5.518982740079503,103.09747023809524,-0.43563348648919503,102.10665688138873,-2.1101421593221232,1,0.0002255800565573729,0.0002255800565573729,0.0239661411395774
2023-08,7.0,0.5402206648181344,0.0030211480362537764,5958,99.99107530515258,3.56573977628859,102.69429347826087,-0.900980385488892,104.43339137638722,-4.442316071234643,1,-0.0039106367877239645,-0.0039106367877239645,0.020055504351853437
2023-09,7.0,0.5324217041606071,0.003776325344952796,6885,99.98907925854927,4.438644990753193,102.40401785714286,-1.2360167109903215,106.10857300389436,-6.119493745345096,1,-0.002826599329781243,-0.002826599329781243,0.017228905022072194
2023-10,7.0,0.49704089228251935,0.003126172314617982,7997,99.97379451978745,3.687572723874899,101.18607954545455,-2.6417619646352053,113.13729927211878,-13.163504752331335,1,-0.011893462162660295,-0.011893462162660295,0.0053354428594118986
2023-11,7.0,0.5138339061547403,0.0026762857807772866,8594,99.98256523875614,3.164689587579139,102.22336647727273,-1.4445246603500914,107.15111275069322,-7.168547511937078,1,0.010251280971432575,0.010251280971432575,0.015586723830844473
2023-12,7.0,0.5664829428729653,0.0032311977715877437,8975,99.99559369780955,3.8092659271257823,102.97470238095238,-0.5773322333161162,102.81515061552334,-2.8195569177137827,1,0.007349942870906068,0.007349942870906068,0.02293666670175054
2024-01,7.0,0.5665039689226657,0.003603800371300644,9157,99.99559626165106,4.239865141390798,103.03804347826087,-0.5042238943735259,102.44960892081039,-2.454012659159332,1,0.0006151131864811088,0.0006151131864811088,0.02355177988823165
2024-02,7.0,0.570975708763748,0.0026318675293343567,9119,99.99611149564072,3.1129233390126854,102.65997023809524,-0.9405962933632973,104.63147091575924,-4.635359420118519,1,-0.003669258726223812,-0.003669258726223812,0.019882521162007838
2024-03,7.0,0.5710493143528234,0.0028467319517194263,8782,99.99611949366988,3.363097010305527,102.90290178571429,-0.6602045307027588,103.22951210245655,-3.233392608786673,1,0.0023663707193333217,0.0023663707193333217,0.02224889188134116
2024-04,7.0,0.5688935491386892,0.00264783759929391,9064,99.99587888951777,3.131538216512131,102.625,-0.9809589667018767,104.83328428245214,-4.837405392934372,1,-0.0027006214683138463,-0.0027006214683138463,0.019548270413027313
2024-05,7.0,0.5620441569185818,0.0034866719154200876,8891,99.99502075037424,4.104696123880657,102.69259510869566,-0.9029406448323488,104.4431926731045,-4.448171922730268,1,0.0006586612296775041,0.0006586612296775041,0.020206931642704817
2024-06,7.0,0.553052779167885,0.0031362527587408527,8609,99.99364559496641,3.699259073983019,102.901171875,-0.6622011948625963,103.23949542325573,-3.245849828289323,1,0.0020310789310911126,0.0020310789310911126,0.02223801057379593
2024-07,7.0,0.5443319907341646,0.0028891713856465965,8653,99.99198723374855,3.4124405449581285,103.08627717391305,-0.4485525290193957,102.17125209403973,-2.179264860291184,1,0.0017988648286522135,0.0017988648286522135,0.024036875402448143
2024-08,7.0,0.5375732751562203,0.002429993057162694,8642,99.99043874058124,2.8773335052945326,103.66370738636364,0.21791782721594374,98.83890031286303,1.151538427718208,0,0.00560142657471685,0.00560142657471685,0.029638301977164994
2024-09,7.0,0.5382259655878546,0.002227693750732794,8529,99.99059943176182,2.6407212121161594,103.96875,0.5699982258400089,97.0784983197427,2.9121011120191156,-1,0.002942617250793811,0.0,0.029638301977164994
2024-10,7.0,0.5398185753511214,0.002007557864903165,8468,99.99098119470317,2.3826467346123703,103.8444293478261,0.4265072418990833,97.79595323944734,2.1950279552558243,-1,-0.00119575018622331,0.00119575018622331,0.030834052163388304
2024-11,7.0,0.5396222414131221,0.0016346032943543318,7953,99.99093491230056,1.9439849623482996,103.6328125,0.18225892770453755,99.01719481042007,0.9737401018804945,0,-0.002037825708659624,0.002037825708659624,0.03287187787204793
2024-12,7.0,0.5444942175398786,0.001728821931341072,8098,99.99202139923258,2.054973307085639,103.64417613636364,0.19537484476620703,98.95161522511172,1.0404061741208608,0,0.0001096528801014518,0.0,0.03287187787204793
2025-01,7.0,0.545164746762302,0.0014754703061600886,8133,99.99216120292533,1.7562665166093838,104.1008831521739,0.7225064027608293,96.31595743513861,3.676203767786717,-1,0.004406489904549726,0.0,0.03287187787204793
2025-02,7.0,0.54960525963618,0.0014855162168853676,8078,99.99303181418661,1.7681267339976325,104.56015625,1.252599734418043,93.66549077685254,6.327541037334072,-1,0.004411807891723019,-0.004411807891723019,0.02846006998032491
2025-03,7.0,0.5478610635450495,0.000749718855429214,8003,99.99270100777805,0.8959621645211135,104.6078869047619,1.3076904896237662,93.39003700082392,6.602664006954129,-1,0.0004564898951353591,-0.0004564898951353591,0.02800358008518955
2025-04,7.0,0.5481427741694967,0.0005053057099545225,7916,99.99275539385687,0.6046844837179877,104.3739346590909,1.0376626435699985,94.74017623109276,5.252579162764107,-1,-0.0022364685167953757,0.0022364685167953757,0.030240048601984926
2025-05,7.0,0.5374160507205377,0.0,7824,99.99039965777357,0.0,104.1924715909091,0.8282178429915416,95.78740023398505,4.202999423788512,-1,-0.0017385860634123729,0.0017385860634123729,0.0319786346653973
2025-06,7.0,0.524537959330833,0.0,7682,99.98665279901812,0.0,104.77901785714286,1.5052099548976623,92.40243967445444,7.584213124563675,-1,0.00562944958765077,-0.00562944958765077,0.02634918507774653
